Date,Cone ID,Observer,Treatment,Soil,Health,Species,Leaf Number,Height (cm),Notes
120817,ME001,JTH,Sterile,DEAD,1,BB,8,3.5,"5 tiny br., almost dead, leaves falling off"
120817,ME002,JTH,Sterile,DEAD,0,BB,0,0,"no plant, spores"
120817,ME003,JTH,Sterile,DEAD,1,BB,2,1.4,thick moss
120817,ME004,JTH,Sterile,DEAD,1,BB,29,4.9,"3 br., moss sporophytes"
120817,ME005,JTH,Sterile,DEAD,1,BB,59,7.4,"4 br., thin moss"
120817,ME006,JTH,Sterile,DEAD,1,BB,76,10.3,"5 br.,thin moss, some black"
120817,ME007,JTH,Sterile,DEAD,1,BB,30,5.4,"3 br., thick moss"
120817,ME008,JTH,Sterile,DEAD,1,BB,4,0.7,"thick moss, spores"
120817,ME009,JTH,Sterile,DEAD,1,BB,40,6,"3 br., thick moss"
120817,ME010,JTH,Sterile,DEAD,1,BB,6,1.4,lots of spores
120817,ME011,JTH,Sterile,DEAD,1,BB,23,6,"2 br., one dead"
120817,ME012,JTH,Sterile,DEAD,1,BB,4,1.5,"thick, sporing moss"
120817,ME085,JTH,Sterile,DEAD,1,LB,62,3.2,"8 small br., black moss (liverwort?)"
120817,ME086,JTH,Sterile,DEAD,1,LB,102,6,"11 br., black moss"
120817,ME087,JTH,Sterile,DEAD,1,LB,41,7.7,"3 br., grainy black soil, no moss"
120817,ME088,JTH,Sterile,DEAD,1,LB,64,12,"5 br., losing leaves"
120817,ME089,JTH,Sterile,DEAD,1,LB,10,2,"2br., super thick moss"
120817,ME090,JTH,Sterile,DEAD,1,LB,4,0.7,spores
120817,ME091,JTH,Sterile,DEAD,1,LB,4,1.7,moss sporophytes
120817,ME092,JTH,Sterile,DEAD,1,LB,28,3.7,"5 small br., moss, some spores"
120817,ME093,JTH,Sterile,DEAD,1,LB,40,3.2,"5 br., (3 more sprouts), thick moss, some spores"
120817,ME094,JTH,Sterile,DEAD,1,LB,39,3.1,"4 br., thick moss"
120817,ME095,JTH,Sterile,DEAD,1,LB,11,1.7,"thick moss, spores"
120817,ME096,JTH,Sterile,DEAD,1,LB,5,1.3,black moss
1162018,ME001,JTH,Sterile,DEAD,1,BB,15,NA,
1162018,ME002,JTH,Sterile,DEAD,0,BB,0,NA,no plnt
1162018,ME003,JTH,Sterile,DEAD,1,BB,2,NA,
1162018,ME004,JTH,Sterile,DEAD,1,BB,34,NA,
1162018,ME005,JTH,Sterile,DEAD,1,BB,59,NA,
1162018,ME006,JTH,Sterile,DEAD,1,BB,77,NA,
1162018,ME007,JTH,Sterile,DEAD,1,BB,46,NA,
1162018,ME008,JTH,Sterile,DEAD,1,BB,5,NA,
1162018,ME009,JTH,Sterile,DEAD,1,BB,46,NA,
1162018,ME010,JTH,Sterile,DEAD,1,BB,5,NA,
1162018,ME011,JTH,Sterile,DEAD,1,BB,20,NA,
1162018,ME012,JTH,Sterile,DEAD,1,BB,3,NA,
1162018,ME085,JTH,Sterile,DEAD,1,LB,53,NA,
1162018,ME086,JTH,Sterile,DEAD,1,LB,106,NA,
1162018,ME087,JTH,Sterile,DEAD,1,LB,43,NA,
1162018,ME088,JTH,Sterile,DEAD,1,LB,84,NA,
1162018,ME089,JTH,Sterile,DEAD,1,LB,6,NA,
1162018,ME090,JTH,Sterile,DEAD,1,LB,8,NA,
1162018,ME091,JTH,Sterile,DEAD,1,LB,4,NA,
1162018,ME092,JTH,Sterile,DEAD,1,LB,23,NA,
1162018,ME093,JTH,Sterile,DEAD,1,LB,36,NA,
1162018,ME094,JTH,Sterile,DEAD,1,LB,37,NA,
1162018,ME095,JTH,Sterile,DEAD,1,LB,15,NA,
1162018,ME096,JTH,Sterile,DEAD,1,LB,6,NA,
1142017,ME013,MME,MD,ALIVE,1,BB,6,1.7,m
1142017,ME014,MME,MD,ALIVE,1,BB,5,1.5,m
1142017,ME015,MME,MD,ALIVE,1,BB,6,1,"m, 2"
1142017,ME016,MME,MD,ALIVE,1,BB,7,2.1,moss
1142017,ME017,MME,MD,ALIVE,1,BB,5,1.6,moss
1142017,ME018,MME,MD,ALIVE,1,BB,5,1.4,moss
1142017,ME019,MME,MD,ALIVE,1,BB,3,1,moss
1142017,ME020,MME,MD,ALIVE,0,BB,0,0,moss
1142017,ME021,MME,MD,ALIVE,1,BB,4,1,moss
1142017,ME022,MME,MD,ALIVE,1,BB,4,1.1,moss
1142017,ME023,MME,MD,ALIVE,1,BB,4,1.1,moss
1142017,ME024,MME,MD,ALIVE,1,BB,5,1.6,moss
1142017,ME074,MME,MD,ALIVE,1,LB,2,0.6,moss
1142017,ME075,MME,MD,ALIVE,1,LB,2,0.9,moss
1142017,ME076,MME,MD,ALIVE,1,LB,4,1.2,moss
1142017,ME077,MME,MD,ALIVE,1,LB,3,0.9,moss
1142017,ME078,MME,MD,ALIVE,1,LB,2,0.4,moss
1142017,ME079,MME,MD,ALIVE,1,LB,3,1.2,moss
1142017,ME080,MME,MD,ALIVE,0,LB,0,0,no plant/moss
1142017,ME081,MME,MD,ALIVE,1,LB,4,1.1,moss
1142017,ME082,MME,MD,ALIVE,1,LB,2,0.9,moss
1142017,ME083,MME,MD,ALIVE,1,LB,4,1,moss
1142017,ME084,MME,MD,ALIVE,1,LB,5,1.2,moss
1142017,ME085,MME,MD,ALIVE,1,LB,7,3.1,moss
1272017,ME013,JRF,MD,ALIVE,1,BB,6,1.7,moss
1272017,ME014,JRF,MD,ALIVE,1,BB,5,1.8,moss
1272017,ME015,JRF,MD,ALIVE,1,BB,5,0.6,moss
1272017,ME016,JRF,MD,ALIVE,1,BB,7,1.7,moss
1272017,ME017,JRF,MD,ALIVE,1,BB,6,1.6,moss
1272017,ME018,JRF,MD,ALIVE,1,BB,5,1.6,moss
1272017,ME019,JRF,MD,ALIVE,1,BB,4,1,moss
1272017,ME020,JRF,MD,ALIVE,0,BB,0,0,moss
1272017,ME021,JRF,MD,ALIVE,1,BB,4,0.8,moss
1272017,ME022,JRF,MD,ALIVE,1,BB,4,1.2,moss
1272017,ME023,JRF,MD,ALIVE,1,BB,5,1.1,moss
1272017,ME024,JRF,MD,ALIVE,1,BB,5,1.2,moss
1272017,ME075,JRF,MD,ALIVE,1,LB,2,0.5,moss
1272017,ME076,JRF,MD,ALIVE,1,LB,4,1.1,moss
1272017,ME077,JRF,MD,ALIVE,1,LB,3,0.4,"plucked, moss"
1272017,ME078,JRF,MD,ALIVE,1,LB,2,0.4,moss
1272017,ME079,JRF,MD,ALIVE,1,LB,3,1,moss
1272017,ME080,JRF,MD,ALIVE,0,LB,0,0,moss
1272017,ME081,JRF,MD,ALIVE,1,LB,5,0.8,moss
1272017,ME082,JRF,MD,ALIVE,1,LB,2,0.6,moss
1272017,ME083,JRF,MD,ALIVE,1,LB,4,1,moss
1272017,ME084,JRF,MD,ALIVE,1,LB,5,1.1,moss
1272017,ME085,JRF,MD,ALIVE,1,LB,12,2.6,
1272017,ME086,JRF,MD,ALIVE,1,LB,14,3,bent over
2102017,ME013,JRF,MD,ALIVE,1,BB,6,1.8,moss
2102017,ME014,JRF,MD,ALIVE,1,BB,5,1.8,moss
2102017,ME015,JRF,MD,ALIVE,1,BB,4,0.7,"moss, 2 branches"
2102017,ME016,JRF,MD,ALIVE,1,BB,7,2,moss
2102017,ME017,JRF,MD,ALIVE,1,BB,5,1.5,moss
2102017,ME018,JRF,MD,ALIVE,1,BB,5,1.6,moss
2102017,ME019,JRF,MD,ALIVE,1,BB,4,0.8,"moss, looks unhealthy"
2102017,ME020,JRF,MD,ALIVE,0,BB,0,0,"no plant, moss"
2102017,ME021,JRF,MD,ALIVE,1,BB,4,0.9,moss
2102017,ME022,JRF,MD,ALIVE,1,BB,4,1.1,moss
2102017,ME023,JRF,MD,ALIVE,1,BB,5,1.1,moss
2102017,ME024,JRF,MD,ALIVE,1,BB,5,1.6,moss
2102017,ME073,JRF,MD,ALIVE,1,LB,2,0.4,moss
2102017,ME074,JRF,MD,ALIVE,1,LB,2,0.4,moss
2102017,ME075,JRF,MD,ALIVE,1,LB,2,0.6,moss
2102017,ME076,JRF,MD,ALIVE,1,LB,4,1.1,moss
2102017,ME077,JRF,MD,ALIVE,1,LB,3,0.6,moss
2102017,ME078,JRF,MD,ALIVE,1,LB,2,0.6,moss
2102017,ME079,JRF,MD,ALIVE,1,LB,3,1,moss
2102017,ME080,JRF,MD,ALIVE,0,LB,0,0,"no plant, moss, liverwort"
2102017,ME081,JRF,MD,ALIVE,1,LB,4,0.9,moss
2102017,ME082,JRF,MD,ALIVE,1,LB,2,0.5,moss
2102017,ME083,JRF,MD,ALIVE,1,LB,6,1.3,moss
2102017,ME084,JRF,MD,ALIVE,1,LB,5,1.1,moss
2242017,ME013,JRF,MD,ALIVE,1,BB,5,1.4,
2242017,ME014,JRF,MD,ALIVE,1,BB,3,1.6,
2242017,ME015,JRF,MD,ALIVE,1,BB,4,1,
2242017,ME016,JRF,MD,ALIVE,1,BB,7,2,
2242017,ME017,JRF,MD,ALIVE,1,BB,6,1.4,
2242017,ME018,JRF,MD,ALIVE,1,BB,5,1.5,
2242017,ME019,JRF,MD,ALIVE,1,BB,3,1,
2242017,ME020,JRF,MD,ALIVE,0,BB,0,0,
2242017,ME021,JRF,MD,ALIVE,1,BB,4,0.8,
2242017,ME022,JRF,MD,ALIVE,1,BB,4,1,
2242017,ME023,JRF,MD,ALIVE,1,BB,5,1.1,
2242017,ME024,JRF,MD,ALIVE,1,BB,4,1.3,
2242017,ME073,JRF,MD,ALIVE,1,LB,2,0.5,
2242017,ME074,JRF,MD,ALIVE,1,LB,2,0.4,
2242017,ME075,JRF,MD,ALIVE,1,LB,2,0.4,
2242017,ME076,JRF,MD,ALIVE,1,LB,4,1.3,
2242017,ME077,JRF,MD,ALIVE,1,LB,3,0.6,
2242017,ME078,JRF,MD,ALIVE,1,LB,2,0.5,
2242017,ME079,JRF,MD,ALIVE,1,LB,3,0.8,
2242017,ME080,JRF,MD,ALIVE,0,LB,0,0,
2242017,ME081,JRF,MD,ALIVE,1,LB,4,0.6,
2242017,ME082,JRF,MD,ALIVE,1,LB,2,0.6,
2242017,ME083,JRF,MD,ALIVE,1,LB,10,1.5,
2242017,ME084,JRF,MD,ALIVE,1,LB,5,1.1,
3102017,ME013,JRF,MD,ALIVE,1,BB,4,1.4,moss
3102017,ME014,JRF,MD,ALIVE,1,BB,2,1.6,moss
3102017,ME015,JRF,MD,ALIVE,1,BB,6,0.9,"moss, 2 branches"
3102017,ME016,JRF,MD,ALIVE,1,BB,8,2,moss
3102017,ME017,JRF,MD,ALIVE,1,BB,8,1.5,moss
3102017,ME018,JRF,MD,ALIVE,1,BB,5,1.3,moss
3102017,ME019,JRF,MD,ALIVE,1,BB,4,0.6,moss
3102017,ME020,JRF,MD,ALIVE,1,BB,2,0.2,"moss, possibly not a germinated target plant"
3102017,ME021,JRF,MD,ALIVE,1,BB,4,0.9,moss
3102017,ME022,JRF,MD,ALIVE,1,BB,4,1.3,moss
3102017,ME023,JRF,MD,ALIVE,1,BB,5,1,moss
3102017,ME024,JRF,MD,ALIVE,1,BB,5,1,moss
3102017,ME073,JRF,MD,ALIVE,1,LB,2,0.5,moss
3102017,ME074,JRF,MD,ALIVE,1,LB,2,0.5,moss
3102017,ME075,JRF,MD,ALIVE,1,LB,2,0.5,moss
3102017,ME076,JRF,MD,ALIVE,1,LB,5,1.2,moss
3102017,ME077,JRF,MD,ALIVE,1,LB,3,0.6,moss
3102017,ME078,JRF,MD,ALIVE,1,LB,2,0.6,moss
3102017,ME079,JRF,MD,ALIVE,1,LB,3,1,moss
3102017,ME080,JRF,MD,ALIVE,0,LB,0,0,"no plant, moss"
3102017,ME081,JRF,MD,ALIVE,1,LB,4,0.8,moss
3102017,ME082,JRF,MD,ALIVE,1,LB,2,0.5,moss
3102017,ME083,JRF,MD,ALIVE,1,LB,10,1.8,moss
3102017,ME084,JRF,MD,ALIVE,1,LB,5,1.1,moss
4072017,ME013,JRF,MD,ALIVE,1,BB,4,1.5,moss
4072017,ME014,JRF,MD,ALIVE,1,BB,2,1.6,moss
4072017,ME015,JRF,MD,ALIVE,1,BB,4,0.6,"2 branches, moss, possibly not target species"
4072017,ME016,JRF,MD,ALIVE,1,BB,7,1.9,moss
4072017,ME017,JRF,MD,ALIVE,1,BB,13,2,moss
4072017,ME018,JRF,MD,ALIVE,1,BB,5,1.3,moss
4072017,ME019,JRF,MD,ALIVE,1,BB,5,0.6,moss
4072017,ME020,JRF,MD,ALIVE,1,BB,1,0.3,moss
4072017,ME021,JRF,MD,ALIVE,1,BB,4,0.8,moss
4072017,ME022,JRF,MD,ALIVE,1,BB,4,1,moss
4072017,ME023,JRF,MD,ALIVE,1,BB,5,0.6,moss
4072017,ME024,JRF,MD,ALIVE,1,BB,8,1.2,moss
4072017,ME073,JRF,MD,ALIVE,1,LB,2,0.4,moss
4072017,ME074,JRF,MD,ALIVE,1,LB,2,0.4,moss
4072017,ME075,JRF,MD,ALIVE,1,LB,2,0.3,moss
4072017,ME076,JRF,MD,ALIVE,1,LB,6,1,moss
4072017,ME077,JRF,MD,ALIVE,1,LB,3,0.5,moss
4072017,ME078,JRF,MD,ALIVE,0,LB,0,0,"no plant, moss"
4072017,ME079,JRF,MD,ALIVE,1,LB,2,0.5,moss
4072017,ME080,JRF,MD,ALIVE,1,LB,3,0.8,moss
4072017,ME081,JRF,MD,ALIVE,0,LB,0,0,"no plant, moss"
4072017,ME082,JRF,MD,ALIVE,1,LB,2,0.5,moss
4072017,ME083,JRF,MD,ALIVE,1,LB,2,0.5,moss
4072017,ME084,JRF,MD,ALIVE,1,LB,12,2.1,moss
4232017,ME013,JRF,MD,ALIVE,1,BB,4,1.5,moss
4232017,ME014,JRF,MD,ALIVE,1,BB,2,1.6,moss
4232017,ME015,JRF,MD,ALIVE,1,BB,4,0.8,may not be target species/ two branches
4232017,ME016,JRF,MD,ALIVE,1,BB,11,1.9,moss
4232017,ME017,JRF,MD,ALIVE,1,BB,19,2,moss
4232017,ME018,JRF,MD,ALIVE,1,BB,3,1.2,moss
4232017,ME019,JRF,MD,ALIVE,0,BB,0,0,moss/no plant
4232017,ME020,JRF,MD,ALIVE,1,BB,21,3,moss/three branches
4232017,ME021,JRF,MD,ALIVE,1,BB,3,0.8,moss
4232017,ME022,JRF,MD,ALIVE,1,BB,4,1.2,moss
4232017,ME023,JRF,MD,ALIVE,1,BB,4,0.9,moss
4232017,ME024,JRF,MD,ALIVE,1,BB,5,1.2,moss
4232017,ME073,JRF,MD,ALIVE,1,LB,2,0.4,moss
4232017,ME074,JRF,MD,ALIVE,1,LB,2,0.5,moss
4232017,ME075,JRF,MD,ALIVE,1,LB,2,0.5,moss
4232017,ME076,JRF,MD,ALIVE,1,LB,7,1,moss
4232017,ME077,JRF,MD,ALIVE,1,LB,4,0.6,moss
4232017,ME078,JRF,MD,ALIVE,1,LB,2,0.4,moss
4232017,ME079,JRF,MD,ALIVE,1,LB,43,7,five branches
4232017,ME080,JRF,MD,ALIVE,0,LB,0,0,moss/no plant
4232017,ME081,JRF,MD,ALIVE,1,LB,2,0.6,moss
4232017,ME082,JRF,MD,ALIVE,1,LB,3,0.6,moss/seven branches
4232017,ME083,JRF,MD,ALIVE,1,LB,15,1.4,moss
4232017,ME084,JRF,MD,ALIVE,1,LB,15,2.7,moss
5072017,ME013,JRF,MD,ALIVE,1,BB,4,2.3,moss
5072017,ME014,JRF,MD,ALIVE,1,BB,3,1.7,moss
5072017,ME015,JRF,MD,ALIVE,1,BB,4,1,two branches/ moss
5072017,ME016,JRF,MD,ALIVE,1,BB,13,2.1,two branches/ moss
5072017,ME017,JRF,MD,ALIVE,1,BB,13,2,moss
5072017,ME018,JRF,MD,ALIVE,1,BB,3,1.3,moss
5072017,ME019,JRF,MD,ALIVE,1,BB,3,0.4,moss
5072017,ME020,JRF,MD,ALIVE,1,BB,1,0.2,moss
5072017,ME021,JRF,MD,ALIVE,1,BB,4,0.9,moss
5072017,ME022,JRF,MD,ALIVE,1,BB,4,1.1,five branches
5072017,ME023,JRF,MD,ALIVE,1,BB,5,1,moss
5072017,ME024,JRF,MD,ALIVE,1,BB,5,1.4,moss
5072017,ME072,JRF,MD,ALIVE,1,LB,3,0.7,moss
5072017,ME073,JRF,MD,ALIVE,1,LB,2,0.5,moss
5072017,ME074,JRF,MD,ALIVE,1,LB,2,0.5,moss
5072017,ME075,JRF,MD,ALIVE,1,LB,2,0.5,moss
5072017,ME076,JRF,MD,ALIVE,1,LB,8,1,moss
5072017,ME078,JRF,MD,ALIVE,1,LB,2,0.4,moss
5072017,ME079,JRF,MD,ALIVE,1,LB,3,0.8,moss
5072017,ME080,JRF,MD,ALIVE,0,LB,0,0,no plant/moss
5072017,ME081,JRF,MD,ALIVE,1,LB,2,0.5,three branches/moss
5072017,ME082,JRF,MD,ALIVE,1,LB,2,0.5,moss
5072017,ME083,JRF,MD,ALIVE,1,LB,11,1.5,two branches/ moss
5072017,ME084,JRF,MD,ALIVE,1,LB,17,3.1,moss
10272017,ME013,JTH,MD,ALIVE,1,BB,13,2.6,"2 br., moss"
10272017,ME014,JTH,MD,ALIVE,1,BB,1,0.8,"almost dead, moss"
10272017,ME015,JTH,MD,ALIVE,1,BB,4,0.8,"moss, sporophytes"
10272017,ME016,JTH,MD,ALIVE,1,BB,18,3.5,mos
10272017,ME017,JTH,MD,ALIVE,1,BB,11,2.1,"2 br., moss"
10272017,ME018,JTH,MD,ALIVE,1,BB,3,0.3,"might be dead, moss"
10272017,ME019,JTH,MD,ALIVE,0,BB,0,0,thick moss
10272017,ME020,JTH,MD,ALIVE,0,BB,0,0,thick moss
10272017,ME021,JTH,MD,ALIVE,0,BB,0,0,thick moss
10272017,ME022,JTH,MD,ALIVE,1,BB,4,0.4,"almost dead, moss"
10272017,ME023,JTH,MD,ALIVE,0,BB,0,0,thick moss
10272017,ME024,JTH,MD,ALIVE,1,BB,4,0.4,"almost dead, thick moss"
10272017,ME073,JTH,MD,ALIVE,0,LB,0,0,thick moss
10272017,ME074,JTH,MD,ALIVE,0,LB,0,0,thick moss
10272017,ME075,JTH,MD,ALIVE,0,LB,0,0,"moss, sporophytes"
10272017,ME076,JTH,MD,ALIVE,0,LB,0,0,thick moss
10272017,ME077,JTH,MD,ALIVE,0,LB,0,0,"1/2 thick moss, 1/2 dark thin moss"
10272017,ME078,JTH,MD,ALIVE,0,LB,0,0,moss
10272017,ME079,JTH,MD,ALIVE,0,LB,0,0,moss
10272017,ME080,JTH,MD,ALIVE,0,LB,0,0,moss
10272017,ME081,JTH,MD,ALIVE,1,LB,4,1.4,3 seperate sprouts? lots of sporophytes
10272017,ME082,JTH,MD,ALIVE,0,LB,0,0,thick moss
10272017,ME083,JTH,MD,ALIVE,1,LB,9,1.9,"3-4 br., moss"
10272017,ME084,JTH,MD,ALIVE,1,LB,16,4.3,"2 br., moss"
11182016,ME013,MME,MD,ALIVE,1,BB,2,1.5,
11182016,ME014,MME,MD,ALIVE,1,BB,2,1.1,
11182016,ME015,MME,MD,ALIVE,1,BB,2,1.4,
11182016,ME016,MME,MD,ALIVE,1,BB,2,1.2,
11182016,ME017,MME,MD,ALIVE,1,BB,5,1.6,
11182016,ME018,MME,MD,ALIVE,1,BB,2,1.2,
11182016,ME019,MME,MD,ALIVE,1,BB,2,1.3,
11182016,ME020,MME,MD,ALIVE,1,BB,2,0.6,
11182016,ME021,MME,MD,ALIVE,1,BB,2,1.4,
11182016,ME022,MME,MD,ALIVE,1,BB,2,0.8,
11182016,ME023,MME,MD,ALIVE,1,BB,3,1.3,
11182016,ME024,MME,MD,ALIVE,1,BB,3,1.2,
11182016,ME025,MME,MD,ALIVE,1,BB,2,0.2,
11182016,ME077,MME,MD,ALIVE,1,LB,0,0.2,germinated
11182016,ME078,MME,MD,ALIVE,0,LB,0,0,no germination
11182016,ME079,MME,MD,ALIVE,1,LB,1,1,
11182016,ME080,MME,MD,ALIVE,1,LB,0,0.2,
11182016,ME081,MME,MD,ALIVE,1,LB,0,0.6,
11182016,ME082,MME,MD,ALIVE,1,LB,2,0.8,
11182016,ME083,MME,MD,ALIVE,1,LB,0,0.2,
11182016,ME084,MME,MD,ALIVE,1,LB,2,1.3,
11182016,ME085,MME,MD,ALIVE,1,LB,0,0.1,germinated
11182016,ME086,MME,MD,ALIVE,0,LB,0,0,
11182016,ME087,MME,MD,ALIVE,1,LB,0,0.7,germination
11182016,ME088,MME,MD,ALIVE,1,LB,0,0.8,
11252016,ME013,MME,MD,ALIVE,1,BB,4,1.7,
11252016,ME014,MME,MD,ALIVE,1,BB,4,1.8,weeded
11252016,ME015,MME,MD,ALIVE,1,BB,2,1.8,hard to measure
11252016,ME016,MME,MD,ALIVE,1,BB,2,1.6,"weeded, green bug"
11252016,ME017,MME,MD,ALIVE,1,BB,2,1.8,
11252016,ME018,MME,MD,ALIVE,1,BB,4,2.1,weeded
11252016,ME019,MME,MD,ALIVE,1,BB,4,2,weeded
11252016,ME020,MME,MD,ALIVE,0,BB,0,0,died? weeded on accident?
11252016,ME021,MME,MD,ALIVE,1,BB,2,1.3,
11252016,ME022,MME,MD,ALIVE,1,BB,4,1.4,"weeded, accidental weeding"
11252016,ME023,MME,MD,ALIVE,1,BB,4,1.3,
11252016,ME024,MME,MD,ALIVE,1,BB,4,1.8,
11252016,ME073,MME,MD,ALIVE,1,LB,2,0.8,weeded
11252016,ME074,MME,MD,ALIVE,1,LB,2,1.2,weeded
11252016,ME075,MME,MD,ALIVE,1,LB,2,1.2,weeded
11252016,ME076,MME,MD,ALIVE,1,LB,2,1.1,weeded
11252016,ME077,MME,MD,ALIVE,1,LB,2,1.1,
11252016,ME078,MME,MD,ALIVE,1,LB,2,0.7,weeded
11252016,ME079,MME,MD,ALIVE,1,LB,2,1.3,
11252016,ME080,MME,MD,ALIVE,0,LB,0,0,died?
11252016,ME081,MME,MD,ALIVE,1,LB,2,0.9,
11252016,ME082,MME,MD,ALIVE,1,LB,2,1,
11252016,ME083,MME,MD,ALIVE,1,LB,2,0.9,weeded
11252016,ME084,MME,MD,ALIVE,1,LB,4,1.7,
12022016,ME013,ALK,MD,ALIVE,1,BB,5,1.7,
12022016,ME014,ALK,MD,ALIVE,1,BB,5,1.6,
12022016,ME015,ALK,MD,ALIVE,1,BB,2,1,curled and on side
12022016,ME016,ALK,MD,ALIVE,1,BB,2,1,growing to side of plot
12022016,ME017,ALK,MD,ALIVE,1,BB,5,1.6,
12022016,ME018,ALK,MD,ALIVE,1,BB,4,1.6,invading moss
12022016,ME019,ALK,MD,ALIVE,1,BB,5,1.5,looks big/but unhealthy
12022016,ME020,ALK,MD,ALIVE,1,BB,0,0.3,dead? on side &wilted
12022016,ME021,ALK,MD,ALIVE,1,BB,4,1.1,invading moss
12022016,ME022,ALK,MD,ALIVE,1,BB,4,1.3,invading moss
12022016,ME023,ALK,MD,ALIVE,1,BB,4,1.3,invading moss
12022016,ME024,ALK,MD,ALIVE,1,BB,5,1.8,
12022016,ME073,ALK,MD,ALIVE,1,LB,2,0.6,invading moss
12022016,ME074,ALK,MD,ALIVE,1,LB,2,0.8,"plucked, invader moss"
12022016,ME075,ALK,MD,ALIVE,1,LB,2,0.9,
12022016,ME076,ALK,MD,ALIVE,1,LB,2,0.8,
12022016,ME077,ALK,MD,ALIVE,1,LB,2,0.7,invading moss
12022016,ME078,ALK,MD,ALIVE,1,LB,2,0.7,"plucked, invading moss"
12022016,ME079,ALK,MD,ALIVE,1,LB,2,0.7,
12022016,ME080,ALK,MD,ALIVE,0,LB,0,0,"moss, nothing else visible"
12022016,ME081,ALK,MD,ALIVE,1,LB,2,0.6,
12022016,ME082,ALK,MD,ALIVE,1,LB,2,1.1,
12022016,ME083,ALK,MD,ALIVE,1,LB,2,0.6,invader moss
12022016,ME084,ALK,MD,ALIVE,1,LB,4,1.2,
12092016,ME013,ALK,MD,ALIVE,1,BB,5,1.9,moss/crooked
12092016,ME014,ALK,MD,ALIVE,1,BB,5,1.6,moss
12092016,ME015,ALK,MD,ALIVE,1,BB,5,1.1,collapsed/moss
12092016,ME016,ALK,MD,ALIVE,1,BB,5,1.7,moss
12092016,ME017,ALK,MD,ALIVE,1,BB,5,1.6,moss
12092016,ME018,ALK,MD,ALIVE,1,BB,5,1.8,moss
12092016,ME019,ALK,MD,ALIVE,1,BB,3,1.6,dead? still standing
12092016,ME020,ALK,MD,ALIVE,1,BB,2,0.6,collapsed
12092016,ME021,ALK,MD,ALIVE,1,BB,4,1,moss
12092016,ME022,ALK,MD,ALIVE,1,BB,4,1.3,moss
12092016,ME023,ALK,MD,ALIVE,1,BB,4,1.2,moss
12092016,ME024,ALK,MD,ALIVE,1,BB,5,1.6,moss
12092016,ME073,ALK,MD,ALIVE,1,LB,2,0.8,moss
12092016,ME074,ALK,MD,ALIVE,1,LB,2,0.7,moss
12092016,ME075,ALK,MD,ALIVE,1,LB,2,0.9,plucked/moss
12092016,ME076,ALK,MD,ALIVE,1,LB,2,0.8,moss
12092016,ME077,ALK,MD,ALIVE,1,LB,3,0.7,moss abundant
12092016,ME078,ALK,MD,ALIVE,1,LB,2,0.5,moss
12092016,ME079,ALK,MD,ALIVE,1,LB,2,0.7,1 plucked/moss
12092016,ME080,ALK,MD,ALIVE,0,LB,0,0,moss-no germ.
12092016,ME081,ALK,MD,ALIVE,1,LB,2,0.4,moss
12092016,ME082,ALK,MD,ALIVE,1,LB,2,0.9,moss
12092016,ME083,ALK,MD,ALIVE,1,LB,2,0.8,moss abundant
12092016,ME084,ALK,MD,ALIVE,1,LB,4,1.2,
12162016,ME013,ALK,MD,ALIVE,1,BB,5,1.8,moss
12162016,ME014,ALK,MD,ALIVE,1,BB,5,1.7,moss
12162016,ME015,ALK,MD,ALIVE,1,BB,5,1.5,moss
12162016,ME016,ALK,MD,ALIVE,1,BB,6,2.1,moss
12162016,ME017,ALK,MD,ALIVE,1,BB,5,1.4,moss
12162016,ME018,ALK,MD,ALIVE,1,BB,5,1.6,moss
12162016,ME019,ALK,MD,ALIVE,1,BB,3,1.2,moss
12162016,ME020,ALK,MD,ALIVE,1,BB,1,0.2,moss; fell over
12162016,ME021,ALK,MD,ALIVE,1,BB,4,1,moss
12162016,ME022,ALK,MD,ALIVE,1,BB,4,1.3,moss
12162016,ME023,ALK,MD,ALIVE,1,BB,5,1.6,moss
12162016,ME024,ALK,MD,ALIVE,1,BB,5,1.2,moss
12162016,ME073,ALK,MD,ALIVE,1,LB,2,0.5,moss
12162016,ME074,ALK,MD,ALIVE,1,LB,2,0.9,moss
12162016,ME075,ALK,MD,ALIVE,1,LB,2,0.8,moss
12162016,ME076,ALK,MD,ALIVE,1,LB,3,1.2,moss
12162016,ME077,ALK,MD,ALIVE,1,LB,3,0.9,moss
12162016,ME078,ALK,MD,ALIVE,1,LB,2,0.5,moss
12162016,ME079,ALK,MD,ALIVE,1,LB,3,1.1,moss
12162016,ME080,ALK,MD,ALIVE,0,LB,0,0,moss-nothing else present
12162016,ME081,ALK,MD,ALIVE,1,LB,2,1.1,moss
12162016,ME082,ALK,MD,ALIVE,1,LB,2,0.9,moss
12162016,ME083,ALK,MD,ALIVE,1,LB,4,1.2,moss
12162016,ME084,ALK,MD,ALIVE,1,LB,5,1.3,
12302016,ME013,PPK,MD,ALIVE,1,BB,6,1.7,pos moss
12302016,ME014,PPK,MD,ALIVE,1,BB,5,1.6,pos moss
12302016,ME015,PPK,MD,ALIVE,1,BB,7,1,"pos moss, 2 branches"
12302016,ME016,PPK,MD,ALIVE,1,BB,7,2.1,pos moss
12302016,ME017,PPK,MD,ALIVE,1,BB,4,1.5,pos moss
12302016,ME018,PPK,MD,ALIVE,1,BB,5,1.5,pos moss
12302016,ME019,PPK,MD,ALIVE,1,BB,4,1.3,pos moss
12302016,ME020,PPK,MD,ALIVE,0,BB,0,0,
12302016,ME021,PPK,MD,ALIVE,1,BB,4,0.8,pos moss
12302016,ME022,PPK,MD,ALIVE,1,BB,4,1,pos moss
12302016,ME023,PPK,MD,ALIVE,1,BB,5,1,"pos moss, invader plucked"
12302016,ME024,PPK,MD,ALIVE,1,BB,5,1.5,pos moss
12302016,ME076,PPK,MD,ALIVE,1,LB,4,1,pos moss
12302016,ME077,PPK,MD,ALIVE,1,LB,3,0.7,pos moss
12302016,ME078,PPK,MD,ALIVE,1,LB,2,0.4,pos moss
12302016,ME079,PPK,MD,ALIVE,1,LB,3,1,pos moss
12302016,ME080,PPK,MD,ALIVE,0,LB,0,0,
12302016,ME081,PPK,MD,ALIVE,1,LB,4,1,pos moss
12302016,ME082,PPK,MD,ALIVE,1,LB,2,0.9,pos moss
12302016,ME083,PPK,MD,ALIVE,1,LB,4,0.8,pos moss
12302016,ME084,PPK,MD,ALIVE,1,LB,5,1.1,neg moss
12302016,ME085,PPK,MD,ALIVE,1,LB,6,2.1,pos moss
12302016,ME086,PPK,MD,ALIVE,1,LB,5,2.4,invader
12302016,ME087,PPK,MD,ALIVE,1,LB,3,0.8,neg moss
120817,ME013,JTH,MD,ALIVE,1,BB,34,5,"2 br., thick, sporing moss"
120817,ME014,JTH,MD,ALIVE,1,BB,1,1.1,"dead, moss"
120817,ME015,JTH,MD,ALIVE,1,BB,5,1,lots of moss sporophytes
120817,ME016,JTH,MD,ALIVE,1,BB,17,4.2,thick moss
120817,ME017,JTH,MD,ALIVE,1,BB,28,2.2,"2 r., moss, some sporophytes"
120817,ME018,JTH,MD,ALIVE,1,BB,3,0.3,"thick moss, dead"
120817,ME019,JTH,MD,ALIVE,0,BB,0,0,"no plant, thick moss"
120817,ME020,JTH,MD,ALIVE,0,BB,0,0,"no plant, moss sporophytes"
120817,ME021,JTH,MD,ALIVE,0,BB,0,0,"no plant, spores"
120817,ME022,JTH,MD,ALIVE,1,BB,4,0.8,black moss
120817,ME023,JTH,MD,ALIVE,0,BB,0,0,"no plants, super thick moss"
120817,ME024,JTH,MD,ALIVE,1,BB,3,0.8,"dead, thick moss"
120817,ME072,JTH,MD,ALIVE,1,LB,3,0.4,blackish moss
120817,ME073,JTH,MD,ALIVE,0,LB,0,0,"no plant, thick moss"
120817,ME074,JTH,MD,ALIVE,0,LB,0,0,"no plant, thick moss"
120817,ME075,JTH,MD,ALIVE,0,LB,0,0,"no plant, sporing moss"
120817,ME076,JTH,MD,ALIVE,0,LB,0,0,"no plant, thick moss"
120817,ME077,JTH,MD,ALIVE,0,LB,0,0,"no plant, some black moss"
120817,ME078,JTH,MD,ALIVE,0,LB,0,0,"no plant, spores"
120817,ME079,JTH,MD,ALIVE,0,LB,0,0,"no plant, thick moss"
120817,ME080,JTH,MD,ALIVE,0,LB,0,0,"no plant, thick moss"
120817,ME081,JTH,MD,ALIVE,1,LB,14,2.6,"3 br., lots of sporing moss"
120817,ME082,JTH,MD,ALIVE,0,LB,0,0,"no plant, spores"
120817,ME083,JTH,MD,ALIVE,1,LB,29,4.2,"4 br., thick moss"
120817,ME084,JTH,MD,ALIVE,1,LB,39,5,"2 br., thick moss"
1162018,ME013,JTH,MD,ALIVE,1,BB,38,NA,
1162018,ME014,JTH,MD,ALIVE,1,BB,1,NA,
1162018,ME015,JTH,MD,ALIVE,1,BB,5,NA,
1162018,ME016,JTH,MD,ALIVE,1,BB,23,NA,
1162018,ME017,JTH,MD,ALIVE,1,BB,37,NA,
1162018,ME018,JTH,MD,ALIVE,0,BB,0,NA,no plnt
1162018,ME019,JTH,MD,ALIVE,0,BB,0,NA,no plnt
1162018,ME020,JTH,MD,ALIVE,0,BB,0,NA,no plnt
1162018,ME021,JTH,MD,ALIVE,0,BB,0,NA,no plnt
1162018,ME022,JTH,MD,ALIVE,1,BB,4,NA,
1162018,ME023,JTH,MD,ALIVE,1,BB,3,NA,
1162018,ME024,JTH,MD,ALIVE,1,BB,0,NA,
1162018,ME073,JTH,MD,ALIVE,0,LB,0,NA,no plnt
1162018,ME074,JTH,MD,ALIVE,0,LB,0,NA,no plnt
1162018,ME075,JTH,MD,ALIVE,0,LB,0,NA,no plnt
1162018,ME076,JTH,MD,ALIVE,0,LB,0,NA,no plnt
1162018,ME077,JTH,MD,ALIVE,0,LB,0,NA,no plnt
1162018,ME078,JTH,MD,ALIVE,0,LB,0,NA,no plnt
1162018,ME079,JTH,MD,ALIVE,0,LB,0,NA,no plnt
1162018,ME080,JTH,MD,ALIVE,0,LB,0,NA,no plnt
1162018,ME081,JTH,MD,ALIVE,1,LB,15,NA,
1162018,ME082,JTH,MD,ALIVE,0,LB,0,NA,no plnt
1162018,ME083,JTH,MD,ALIVE,1,LB,39,NA,
1162018,ME084,JTH,MD,ALIVE,1,LB,43,NA,
1142017,ME025,MME,SD,ALIVE,1,BB,3,0.4,moss
1142017,ME026,MME,SD,ALIVE,1,BB,14,4.6,moss
1142017,ME027,MME,SD,ALIVE,1,BB,5,1.2,moss
1142017,ME028,MME,SD,ALIVE,1,BB,4,1,moss
1142017,ME029,MME,SD,ALIVE,1,BB,8,2.1,moss
1142017,ME030,MME,SD,ALIVE,1,BB,19,3.7,moss
1142017,ME031,MME,SD,ALIVE,1,BB,18,6.5,moss
1142017,ME032,MME,SD,ALIVE,1,BB,4,0.7,moss
1142017,ME033,MME,SD,ALIVE,1,BB,14,5.5,moss
1142017,ME034,MME,SD,ALIVE,1,BB,15,6.8,moss
1142017,ME035,MME,SD,ALIVE,1,BB,5,1.5,moss
1142017,ME036,MME,SD,ALIVE,0,BB,0,0,no plant
1142017,ME037,MME,SD,ALIVE,1,BB,22,7.9,"m, 3branches"
1142017,ME063,MME,SD,ALIVE,1,LB,8,2.6,moss
1142017,ME064,MME,SD,ALIVE,1,LB,4,1.2,
1142017,ME065,MME,SD,ALIVE,1,LB,10,3.6,moss
1142017,ME066,MME,SD,ALIVE,1,LB,4,1.4,moss
1142017,ME067,MME,SD,ALIVE,1,LB,3,0.6,"m, one against wall"
1142017,ME068,MME,SD,ALIVE,1,LB,3,0.7,moss
1142017,ME069,MME,SD,ALIVE,1,LB,2,1.5,moss
1142017,ME070,MME,SD,ALIVE,1,LB,6,1.6,
1142017,ME071,MME,SD,ALIVE,1,LB,4,1,moss
1142017,ME072,MME,SD,ALIVE,1,LB,3,1.1,moss
1142017,ME073,MME,SD,ALIVE,1,LB,2,0.8,moss
1272017,ME025,JRF,SD,ALIVE,1,BB,3,0.6,dead?
1272017,ME026,JRF,SD,ALIVE,1,BB,17,5.3,
1272017,ME027,JRF,SD,ALIVE,1,BB,5,0.8,moss
1272017,ME028,JRF,SD,ALIVE,1,BB,4,1.1,moss
1272017,ME029,JRF,SD,ALIVE,1,BB,9,3.1,moss
1272017,ME030,JRF,SD,ALIVE,1,BB,28,5,"moss, 2 branches"
1272017,ME031,JRF,SD,ALIVE,1,BB,19,6.5,
1272017,ME032,JRF,SD,ALIVE,1,BB,4,0.6,moss
1272017,ME033,JRF,SD,ALIVE,1,BB,20,6.2,"2 brances, moss"
1272017,ME034,JRF,SD,ALIVE,1,BB,24,7.5,moss
1272017,ME035,JRF,SD,ALIVE,1,BB,8,1.5,moss
1272017,ME036,JRF,SD,ALIVE,0,BB,0,0,"possibly dead, moss"
1272017,ME062,JRF,SD,ALIVE,1,LB,3,0.5,"2 branches, moss"
1272017,ME063,JRF,SD,ALIVE,1,LB,11,3.1,moss
1272017,ME064,JRF,SD,ALIVE,1,LB,4,1.1,moss
1272017,ME065,JRF,SD,ALIVE,1,LB,13,3.5,moss
1272017,ME066,JRF,SD,ALIVE,1,LB,4,1.6,moss
1272017,ME067,JRF,SD,ALIVE,1,LB,3,0.6,moss
1272017,ME068,JRF,SD,ALIVE,1,LB,3,0.8,moss
1272017,ME069,JRF,SD,ALIVE,1,LB,4,1.3,moss
1272017,ME070,JRF,SD,ALIVE,1,LB,5,1.5,bent
1272017,ME071,JRF,SD,ALIVE,1,LB,4,1.1,moss
1272017,ME072,JRF,SD,ALIVE,1,LB,3,0.6,moss
1272017,ME073,JRF,SD,ALIVE,1,LB,2,0.4,moss
1272017,ME074,JRF,SD,ALIVE,1,LB,2,0.7,moss
2102017,ME025,JRF,SD,ALIVE,1,BB,3,0.6,
2102017,ME026,JRF,SD,ALIVE,1,BB,22,5.4,2 branches
2102017,ME027,JRF,SD,ALIVE,1,BB,5,1,moss
2102017,ME028,JRF,SD,ALIVE,1,BB,4,1,moss
2102017,ME029,JRF,SD,ALIVE,1,BB,11,4,moss
2102017,ME030,JRF,SD,ALIVE,1,BB,28,5.4,"2 branches, moss"
2102017,ME031,JRF,SD,ALIVE,1,BB,29,7.2,2 branches
2102017,ME032,JRF,SD,ALIVE,1,BB,3,0.7,moss
2102017,ME033,JRF,SD,ALIVE,1,BB,38,6.2,"3 branches, moss"
2102017,ME034,JRF,SD,ALIVE,1,BB,30,7.5,"2 branches, moss"
2102017,ME035,JRF,SD,ALIVE,1,BB,7,2.3,moss
2102017,ME036,JRF,SD,ALIVE,0,BB,0,0,"no plant, moss"
2102017,ME061,JRF,SD,ALIVE,1,LB,5,0.6,moss
2102017,ME062,JRF,SD,ALIVE,1,LB,4,0.7,moss
2102017,ME063,JRF,SD,ALIVE,1,LB,14,3.8,moss
2102017,ME064,JRF,SD,ALIVE,1,LB,4,1.1,moss
2102017,ME065,JRF,SD,ALIVE,1,LB,17,3.7,"3 branches, moss"
2102017,ME066,JRF,SD,ALIVE,1,LB,4,1.1,moss
2102017,ME067,JRF,SD,ALIVE,1,LB,3,0.4,"growing on side, moss"
2102017,ME068,JRF,SD,ALIVE,1,LB,3,0.5,moss
2102017,ME069,JRF,SD,ALIVE,1,LB,4,1.3,moss
2102017,ME070,JRF,SD,ALIVE,1,LB,6,1.2,moss
2102017,ME071,JRF,SD,ALIVE,1,LB,4,1.2,moss
2102017,ME072,JRF,SD,ALIVE,1,LB,3,0.8,moss
2242017,ME025,JRF,SD,ALIVE,1,BB,3,0.6,
2242017,ME026,JRF,SD,ALIVE,1,BB,31,5.3,
2242017,ME027,JRF,SD,ALIVE,1,BB,4,0.9,
2242017,ME028,JRF,SD,ALIVE,1,BB,3,0.8,
2242017,ME029,JRF,SD,ALIVE,1,BB,15,5.3,
2242017,ME030,JRF,SD,ALIVE,1,BB,36,5.7,
2242017,ME031,JRF,SD,ALIVE,1,BB,36,7.2,
2242017,ME032,JRF,SD,ALIVE,1,BB,5,0.7,
2242017,ME033,JRF,SD,ALIVE,1,BB,53,5.8,
2242017,ME034,JRF,SD,ALIVE,1,BB,38,8.1,
2242017,ME035,JRF,SD,ALIVE,1,BB,11,3.6,
2242017,ME036,JRF,SD,ALIVE,0,BB,0,0,
2242017,ME061,JRF,SD,ALIVE,1,LB,5,0.6,
2242017,ME062,JRF,SD,ALIVE,1,LB,4,0.9,
2242017,ME063,JRF,SD,ALIVE,1,LB,18,3.6,
2242017,ME064,JRF,SD,ALIVE,1,LB,6,1.3,
2242017,ME065,JRF,SD,ALIVE,1,LB,24,3.7,
2242017,ME066,JRF,SD,ALIVE,1,LB,6,1.8,
2242017,ME067,JRF,SD,ALIVE,1,LB,3,0.4,
2242017,ME068,JRF,SD,ALIVE,1,LB,3,0.5,
2242017,ME069,JRF,SD,ALIVE,1,LB,5,1.9,
2242017,ME070,JRF,SD,ALIVE,1,LB,12,2.5,
2242017,ME071,JRF,SD,ALIVE,1,LB,4,0.8,
2242017,ME072,JRF,SD,ALIVE,1,LB,3,0.8,
3102017,ME025,JRF,SD,ALIVE,1,BB,3,0.5,"unhealthy, moss"
3102017,ME026,JRF,SD,ALIVE,1,BB,34,5,
3102017,ME027,JRF,SD,ALIVE,1,BB,5,0.6,moss
3102017,ME028,JRF,SD,ALIVE,1,BB,4,0.8,moss
3102017,ME029,JRF,SD,ALIVE,1,BB,20,5.4,moss
3102017,ME030,JRF,SD,ALIVE,1,BB,39,5.6,moss
3102017,ME031,JRF,SD,ALIVE,1,BB,40,7.4,moss
3102017,ME032,JRF,SD,ALIVE,1,BB,4,1,moss
3102017,ME033,JRF,SD,ALIVE,1,BB,67,6.3,"4 branches, moss"
3102017,ME034,JRF,SD,ALIVE,1,BB,42,9.3,"2 branches, moss"
3102017,ME035,JRF,SD,ALIVE,0,BB,0,0,"no plant, moss"
3102017,ME036,JRF,SD,ALIVE,1,BB,22,4.7,moss
3102017,ME061,JRF,SD,ALIVE,1,LB,5,1,moss
3102017,ME062,JRF,SD,ALIVE,1,LB,4,0.8,moss
3102017,ME063,JRF,SD,ALIVE,1,LB,27,3.5,4 branches
3102017,ME064,JRF,SD,ALIVE,1,LB,6,1.6,
3102017,ME065,JRF,SD,ALIVE,1,LB,40,5.8,"3 branches, moss"
3102017,ME066,JRF,SD,ALIVE,1,LB,8,2.6,moss
3102017,ME067,JRF,SD,ALIVE,1,LB,3,0.8,moss
3102017,ME068,JRF,SD,ALIVE,1,LB,3,0.6,moss
3102017,ME069,JRF,SD,ALIVE,1,LB,5,2.7,moss
3102017,ME070,JRF,SD,ALIVE,1,LB,16,3.6,moss
3102017,ME071,JRF,SD,ALIVE,1,LB,4,0.9,moss
3102017,ME072,JRF,SD,ALIVE,1,LB,3,0.7,moss
4072017,ME025,JRF,SD,ALIVE,0,BB,0,0,"no plant, moss"
4072017,ME026,JRF,SD,ALIVE,1,BB,41,5.5,3 branches
4072017,ME027,JRF,SD,ALIVE,1,BB,6,1.4,moss
4072017,ME028,JRF,SD,ALIVE,1,BB,8,2.4,moss
4072017,ME029,JRF,SD,ALIVE,1,BB,37,5.8,"moss, 3 branches"
4072017,ME030,JRF,SD,ALIVE,1,BB,62,5.6,"4 branches, moss"
4072017,ME031,JRF,SD,ALIVE,1,BB,44,7,"2 branches, moss"
4072017,ME032,JRF,SD,ALIVE,1,BB,11,2.3,moss
4072017,ME033,JRF,SD,ALIVE,1,BB,72,8.1,"moss, 4 branches"
4072017,ME034,JRF,SD,ALIVE,1,BB,52,9.4,"moss, 4 branches"
4072017,ME035,JRF,SD,ALIVE,1,BB,35,5,"2 branches, moss"
4072017,ME036,JRF,SD,ALIVE,0,BB,0,0,"no plant, moss"
4072017,ME061,JRF,SD,ALIVE,1,LB,5,1,moss
4072017,ME062,JRF,SD,ALIVE,1,LB,4,0.7,moss
4072017,ME063,JRF,SD,ALIVE,1,LB,37,4.3,"4 branches, moss"
4072017,ME064,JRF,SD,ALIVE,1,LB,10,1.8,moss
4072017,ME065,JRF,SD,ALIVE,1,LB,50,8.3,"3 branches, moss"
4072017,ME066,JRF,SD,ALIVE,1,LB,9,2.3,moss
4072017,ME067,JRF,SD,ALIVE,1,LB,3,1.2,"hidden on side of cone,"
4072017,ME068,JRF,SD,ALIVE,1,LB,3,0.5,moss
4072017,ME069,JRF,SD,ALIVE,1,LB,8,1.5,moss
4072017,ME070,JRF,SD,ALIVE,1,LB,36,3.2,"4 branches, moss"
4072017,ME071,JRF,SD,ALIVE,1,LB,3,0.7,moss
4072017,ME072,JRF,SD,ALIVE,1,LB,3,0.5,moss
4232017,ME025,JRF,SD,ALIVE,0,BB,0,0,moss/no plant
4232017,ME026,JRF,SD,ALIVE,1,BB,42,5.8,three branches
4232017,ME027,JRF,SD,ALIVE,1,BB,12,1.8,moss
4232017,ME028,JRF,SD,ALIVE,1,BB,3,1.1,moss
4232017,ME029,JRF,SD,ALIVE,1,BB,33,5.7,moss/ three branches
4232017,ME030,JRF,SD,ALIVE,1,BB,52,5.7,moss/four branches
4232017,ME031,JRF,SD,ALIVE,1,BB,42,4,five branches
4232017,ME032,JRF,SD,ALIVE,1,BB,20,3,moss
4232017,ME033,JRF,SD,ALIVE,1,BB,48,8,dying moss
4232017,ME034,JRF,SD,ALIVE,1,BB,72,9.5,moss/ five branches
4232017,ME035,JRF,SD,ALIVE,1,BB,11,2.2,moss/two branches
4232017,ME036,JRF,SD,ALIVE,0,BB,0,0,moss/no plant
4232017,ME061,JRF,SD,ALIVE,1,LB,2,0.5,moss
4232017,ME062,JRF,SD,ALIVE,1,LB,3,0.6,moss
4232017,ME063,JRF,SD,ALIVE,0,LB,0,0,
4232017,ME064,JRF,SD,ALIVE,1,LB,32,5.4,three branches
4232017,ME065,JRF,SD,ALIVE,1,LB,55,10,moss/ three branches
4232017,ME066,JRF,SD,ALIVE,1,LB,17,2.4,moss
4232017,ME067,JRF,SD,ALIVE,1,LB,47,4.5,moss/three branches
4232017,ME068,JRF,SD,ALIVE,1,LB,5,0.9,moss
4232017,ME069,JRF,SD,ALIVE,1,LB,12,2,moss
4232017,ME070,JRF,SD,ALIVE,1,LB,39,3.4,moss/ four branches
4232017,ME071,JRF,SD,ALIVE,1,LB,12,1.7,moss/two branches
4232017,ME072,JRF,SD,ALIVE,1,LB,3,0.5,moss
5072017,ME025,JRF,SD,ALIVE,1,BB,3,0.6,moss/possibly dying
5072017,ME026,JRF,SD,ALIVE,1,BB,46,5.5,four branches
5072017,ME027,JRF,SD,ALIVE,1,BB,13,2.7,moss
5072017,ME027,JRF,SD,ALIVE,1,BB,3,0.5,moss
5072017,ME028,JRF,SD,ALIVE,1,BB,15,3,moss
5072017,ME029,JRF,SD,ALIVE,1,BB,36,5.9,three branches/moss
5072017,ME030,JRF,SD,ALIVE,1,BB,51,5.8,four branches/moss
5072017,ME031,JRF,SD,ALIVE,1,BB,65,7.2,four branches/moss
5072017,ME032,JRF,SD,ALIVE,1,BB,22,3.3,moss/two branches
5072017,ME033,JRF,SD,ALIVE,1,BB,59,8,four branches/moss/moss/looks like it is dying
5072017,ME034,JRF,SD,ALIVE,1,BB,81,9.5,five branches/moss
5072017,ME035,JRF,SD,ALIVE,1,BB,42,4.9,three branches/moss
5072017,ME036,JRF,SD,ALIVE,0,BB,0,0,moss/no plant
5072017,ME060,JRF,SD,ALIVE,1,LB,48,7.4,five branches/moss
5072017,ME061,JRF,SD,ALIVE,1,LB,5,1,moss
5072017,ME062,JRF,SD,ALIVE,1,LB,3,0.8,moss
5072017,ME063,JRF,SD,ALIVE,1,LB,57,5.7,five branches/moss
5072017,ME064,JRF,SD,ALIVE,1,LB,18,3.4,two branches/ moss
5072017,ME065,JRF,SD,ALIVE,1,LB,61,9.8,three branches/moss
5072017,ME066,JRF,SD,ALIVE,1,LB,23,3.2,moss
5072017,ME067,JRF,SD,ALIVE,1,LB,3,1.2,moss
5072017,ME068,JRF,SD,ALIVE,1,LB,4,0.8,moss
5072017,ME069,JRF,SD,ALIVE,1,LB,11,2,moss
5072017,ME070,JRF,SD,ALIVE,1,LB,40,3.9,five branches/moss
5072017,ME071,JRF,SD,ALIVE,1,LB,2,0.8,moss
10272017,ME025,JTH,SD,ALIVE,0,BB,0,0,thick moss
10272017,ME026,JTH,SD,ALIVE,1,BB,13,9,"6 br.,no moss"
10272017,ME027,JTH,SD,ALIVE,1,BB,26,8.2,5 br.
10272017,ME028,JTH,SD,ALIVE,1,BB,15,5.1,"2 br., no moss"
10272017,ME029,JTH,SD,ALIVE,1,BB,17,5.5,"6 br., mos"
10272017,ME030,JTH,SD,ALIVE,1,BB,5,5,"5 br., moss, sporophytes"
10272017,ME031,JTH,SD,ALIVE,1,BB,21,10,"5 br., moss"
10272017,ME032,JTH,SD,ALIVE,1,BB,20,9.2,"4 br., thin moss"
10272017,ME033,JTH,SD,ALIVE,1,BB,4,6.9,"mostly dead, 4br."
10272017,ME034,JTH,SD,ALIVE,1,BB,20,8.6,"6 br., moss"
10272017,ME035,JTH,SD,ALIVE,1,BB,8,5.2,"4 br., 1/2 thick moss, 1/2 no moss"
10272017,ME036,JTH,SD,ALIVE,0,BB,0,0,very thick moss
10272017,ME061,JTH,SD,ALIVE,1,LB,1,0.4,moss
10272017,ME062,JTH,SD,ALIVE,1,LB,3,3.8,"3 br., moss"
10272017,ME063,JTH,SD,ALIVE,1,LB,31,15.2,"6 br., moss"
10272017,ME064,JTH,SD,ALIVE,1,LB,16,6.4,"8 br., moss"
10272017,ME065,JTH,SD,ALIVE,1,LB,12,9.1,"4 br., moss"
10272017,ME066,JTH,SD,ALIVE,1,LB,8,5.5,"11 br., moss"
10272017,ME067,JTH,SD,ALIVE,0,LB,0,0,"moss, sporophytes"
10272017,ME068,JTH,SD,ALIVE,1,LB,10,5,"7 br., moss"
10272017,ME069,JTH,SD,ALIVE,1,LB,5,4.2,"6-7 br.,moss"
10272017,ME070,JTH,SD,ALIVE,1,LB,16,7.1,"12 br., moss"
10272017,ME071,JTH,SD,ALIVE,1,LB,9,4,"moss, sporophytes"
10272017,ME072,JTH,SD,ALIVE,1,LB,3,0.3,weird deadish moss
11182016,ME026,MME,SD,ALIVE,1,BB,2,1,
11182016,ME027,MME,SD,ALIVE,1,BB,2,1.1,
11182016,ME028,MME,SD,ALIVE,1,BB,0,0.1,germinated
11182016,ME029,MME,SD,ALIVE,1,BB,2,0.5,
11182016,ME030,MME,SD,ALIVE,1,BB,2,1.1,
11182016,ME031,MME,SD,ALIVE,1,BB,2,1.3,
11182016,ME032,MME,SD,ALIVE,1,BB,2,0.7,
11182016,ME033,MME,SD,ALIVE,1,BB,2,0.8,
11182016,ME034,MME,SD,ALIVE,1,BB,2,1.7,
11182016,ME035,MME,SD,ALIVE,1,BB,0,0.1,germinated
11182016,ME036,MME,SD,ALIVE,1,BB,0,0.4,
11182016,ME037,MME,SD,ALIVE,1,BB,2,1,
11182016,ME063,MME,SD,ALIVE,1,LB,3,1.6,
11182016,ME064,MME,SD,ALIVE,0,LB,0,0,
11182016,ME065,MME,SD,ALIVE,1,LB,2,0.6,
11182016,ME066,MME,SD,ALIVE,0,LB,0,0,
11182016,ME067,MME,SD,ALIVE,1,LB,0,0.4,
11182016,ME068,MME,SD,ALIVE,0,LB,0,0,no germination
11182016,ME069,MME,SD,ALIVE,1,LB,0,0.2,
11182016,ME070,MME,SD,ALIVE,1,LB,0,0.4,
11182016,ME071,MME,SD,ALIVE,1,LB,4,1,moss
11182016,ME072,MME,SD,ALIVE,1,LB,0,0.2,
11182016,ME073,MME,SD,ALIVE,0,LB,0,0,
11182016,ME074,MME,SD,ALIVE,1,LB,0,0.2,germinated
11182016,ME075,MME,SD,ALIVE,1,LB,2,0.5,moss
11182016,ME076,MME,SD,ALIVE,0,LB,0,0,no germination
11252016,ME025,MME,SD,ALIVE,1,BB,2,0.5,
11252016,ME026,MME,SD,ALIVE,1,BB,4,1.9,
11252016,ME027,MME,SD,ALIVE,1,BB,3,2,weeded
11252016,ME028,MME,SD,ALIVE,1,BB,0,0.3,
11252016,ME029,MME,SD,ALIVE,1,BB,4,1.6,
11252016,ME030,MME,SD,ALIVE,1,BB,3,1.7,growing sideways; weeded
11252016,ME031,MME,SD,ALIVE,1,BB,4,1.9,
11252016,ME032,MME,SD,ALIVE,1,BB,3,1.3,
11252016,ME033,MME,SD,ALIVE,1,BB,4,1.6,weeded
11252016,ME034,MME,SD,ALIVE,1,BB,4,2.6,weeded
11252016,ME035,MME,SD,ALIVE,1,BB,0,0.4,weeded
11252016,ME036,MME,SD,ALIVE,1,BB,0,0.4,weeded
11252016,ME061,MME,SD,ALIVE,1,LB,2,0.6,
11252016,ME062,MME,SD,ALIVE,1,LB,2,0.9,weeded
11252016,ME063,MME,SD,ALIVE,1,LB,5,2.2,weeded
11252016,ME064,MME,SD,ALIVE,1,LB,2,1.1,weeded
11252016,ME065,MME,SD,ALIVE,1,LB,2,0.7,weeded
11252016,ME066,MME,SD,ALIVE,1,LB,2,1,weeded
11252016,ME067,MME,SD,ALIVE,1,LB,1,0.8,
11252016,ME068,MME,SD,ALIVE,1,LB,0,0.3,
11252016,ME069,MME,SD,ALIVE,1,LB,2,1.2,weeded
11252016,ME070,MME,SD,ALIVE,1,LB,2,1,
11252016,ME071,MME,SD,ALIVE,1,LB,2,1.2,"top soil sunk 1 inch, weeded"
11252016,ME072,MME,SD,ALIVE,1,LB,2,0.9,weeded
12022016,ME025,ALK,SD,ALIVE,1,BB,4,0.7,invader?
12022016,ME026,ALK,SD,ALIVE,1,BB,6,1.7,
12022016,ME027,ALK,SD,ALIVE,1,BB,4,1.5,
12022016,ME028,ALK,SD,ALIVE,1,BB,2,0.7,
12022016,ME029,ALK,SD,ALIVE,1,BB,4,1.4,
12022016,ME030,ALK,SD,ALIVE,1,BB,5,2.1,1 plucked
12022016,ME031,ALK,SD,ALIVE,1,BB,5,1.5,invading moss? plucked
12022016,ME032,ALK,SD,ALIVE,1,BB,4,1,
12022016,ME033,ALK,SD,ALIVE,1,BB,4,1.1,
12022016,ME034,ALK,SD,ALIVE,1,BB,5,1.9,
12022016,ME035,ALK,SD,ALIVE,1,BB,2,0.4,plucked
12022016,ME036,ALK,SD,ALIVE,0,BB,0,0,tiny bit of green?
12022016,ME061,ALK,SD,ALIVE,1,LB,2,0.4,dead? shriveled leaves
12022016,ME062,ALK,SD,ALIVE,1,LB,2,0.6,"on side, looks completely dead"
12022016,ME063,ALK,SD,ALIVE,1,LB,5,1.6,
12022016,ME064,ALK,SD,ALIVE,1,LB,2,0.7,
12022016,ME065,ALK,SD,ALIVE,1,LB,2,0.7,
12022016,ME066,ALK,SD,ALIVE,1,LB,2,0.8,plucked
12022016,ME067,ALK,SD,ALIVE,1,LB,3,0.9,plucked
12022016,ME068,ALK,SD,ALIVE,1,LB,2,0.8,plucked
12022016,ME069,ALK,SD,ALIVE,1,LB,2,0.7,
12022016,ME070,ALK,SD,ALIVE,1,LB,2,0.6,
12022016,ME071,ALK,SD,ALIVE,1,LB,2,0.8,
12022016,ME072,ALK,SD,ALIVE,1,LB,2,0.5,
12092016,ME025,ALK,SD,ALIVE,1,BB,4,0.5,
12092016,ME026,ALK,SD,ALIVE,1,BB,6,1.8,
12092016,ME027,ALK,SD,ALIVE,1,BB,5,1.25,moss
12092016,ME028,ALK,SD,ALIVE,1,BB,2,0.9,
12092016,ME029,ALK,SD,ALIVE,1,BB,4,1.7,moss
12092016,ME030,ALK,SD,ALIVE,1,BB,7,1.5,moss
12092016,ME031,ALK,SD,ALIVE,1,BB,4,0.9,
12092016,ME032,ALK,SD,ALIVE,1,BB,5,1.3,moss
12092016,ME033,ALK,SD,ALIVE,1,BB,6,2.3,moss
12092016,ME034,ALK,SD,ALIVE,1,BB,2,0.6,
12092016,ME035,ALK,SD,ALIVE,1,BB,6,2.9,plucked
12092016,ME036,ALK,SD,ALIVE,0,BB,0,0,no germ.
12092016,ME061,ALK,SD,ALIVE,1,LB,2,0.5,plastered against wall
12092016,ME062,ALK,SD,ALIVE,1,LB,2,0.5,dead?
12092016,ME063,ALK,SD,ALIVE,1,LB,5,1.6,moss
12092016,ME064,ALK,SD,ALIVE,1,LB,2,0.6,
12092016,ME065,ALK,SD,ALIVE,1,LB,2,0.9,moss
12092016,ME066,ALK,SD,ALIVE,1,LB,2,0.6,moss
12092016,ME067,ALK,SD,ALIVE,1,LB,2,0.6,side
12092016,ME068,ALK,SD,ALIVE,1,LB,2,0.6,1 plucked
12092016,ME069,ALK,SD,ALIVE,1,LB,4,0.9,plucked
12092016,ME070,ALK,SD,ALIVE,1,LB,4,0.8,
12092016,ME071,ALK,SD,ALIVE,1,LB,3,1,moss
12092016,ME072,ALK,SD,ALIVE,1,LB,2,0.3,#NAME?
12162016,ME025,ALK,SD,ALIVE,1,BB,4,0.6,
12162016,ME026,ALK,SD,ALIVE,1,BB,8,2.1,
12162016,ME027,ALK,SD,ALIVE,1,BB,5,1.2,moss
12162016,ME028,ALK,SD,ALIVE,1,BB,3,1.1,
12162016,ME029,ALK,SD,ALIVE,1,BB,4,1.7,
12162016,ME030,ALK,SD,ALIVE,1,BB,7,3.3,
12162016,ME031,ALK,SD,ALIVE,1,BB,10,2.1,moss
12162016,ME032,ALK,SD,ALIVE,1,BB,4,0.7,
12162016,ME033,ALK,SD,ALIVE,1,BB,8,1.7,moss
12162016,ME034,ALK,SD,ALIVE,1,BB,9,3.2,moss
12162016,ME035,ALK,SD,ALIVE,1,BB,3,0.5,
12162016,ME036,ALK,SD,ALIVE,0,BB,0,0,nothing present
12162016,ME061,ALK,SD,ALIVE,1,LB,2,0.3,
12162016,ME062,ALK,SD,ALIVE,1,LB,0,0.7,dying?
12162016,ME063,ALK,SD,ALIVE,1,LB,5,1.6,moss
12162016,ME064,ALK,SD,ALIVE,1,LB,2,0.6,
12162016,ME065,ALK,SD,ALIVE,1,LB,3,0.9,moss
12162016,ME066,ALK,SD,ALIVE,1,LB,2,1.1,moss
12162016,ME067,ALK,SD,ALIVE,0,LB,0,0,moss -no germ
12162016,ME068,ALK,SD,ALIVE,1,LB,2,0.9,moss
12162016,ME069,ALK,SD,ALIVE,1,LB,5,1.3,
12162016,ME070,ALK,SD,ALIVE,1,LB,5,1.3,
12162016,ME071,ALK,SD,ALIVE,1,LB,5,1.2,moss
12162016,ME072,ALK,SD,ALIVE,1,LB,3,0.9,moss
12302016,ME025,PPK,SD,ALIVE,1,BB,4,0.5,neg moss
12302016,ME026,PPK,SD,ALIVE,1,BB,11,3.5,neg moss
12302016,ME027,PPK,SD,ALIVE,1,BB,5,1.1,pos moss
12302016,ME028,PPK,SD,ALIVE,1,BB,4,1,pos moss
12302016,ME029,PPK,SD,ALIVE,1,BB,4,1.6,pos moss
12302016,ME030,PPK,SD,ALIVE,1,BB,8,3.7,neg moss
12302016,ME031,PPK,SD,ALIVE,1,BB,13,3.3,pos moss
12302016,ME032,PPK,SD,ALIVE,1,BB,4,0.7,
12302016,ME033,PPK,SD,ALIVE,1,BB,3.8,12,moss
12302016,ME034,PPK,SD,ALIVE,1,BB,9,4,moss
12302016,ME035,PPK,SD,ALIVE,1,BB,3,0.6,pos moss
12302016,ME036,PPK,SD,ALIVE,0,BB,0,0,
12302016,ME037,PPK,SD,ALIVE,1,BB,12,5.5,pos moss
12302016,ME038,PPK,SD,ALIVE,1,BB,5,0.5,"1R,4N"
12302016,ME064,PPK,SD,ALIVE,1,LB,3,0.7,"pos moss, pluck BB"
12302016,ME065,PPK,SD,ALIVE,1,LB,6,1.4,pos moss
12302016,ME066,PPK,SD,ALIVE,1,LB,4,1.6,pos moss
12302016,ME067,PPK,SD,ALIVE,1,LB,3,0.4,pos moss
12302016,ME068,PPK,SD,ALIVE,1,LB,3,1,pos moss
12302016,ME069,PPK,SD,ALIVE,1,LB,5,1.2,pos moss
12302016,ME070,PPK,SD,ALIVE,1,LB,5,1.5,"neg moss, invader plucked"
12302016,ME071,PPK,SD,ALIVE,1,LB,5,1,pos moss
12302016,ME072,PPK,SD,ALIVE,1,LB,3,0.5,pos moss
12302016,ME073,PPK,SD,ALIVE,1,LB,2,0.6,pos moss
12302016,ME074,PPK,SD,ALIVE,1,LB,2,0.5,pos moss
12302016,ME075,PPK,SD,ALIVE,1,LB,2,0.6,pos moss
120817,ME025,JTH,SD,ALIVE,0,BB,0,0,"no plant, thick moss"
120817,ME026,JTH,SD,ALIVE,1,BB,54,8.4,4 br. leaves falling off
120817,ME027,JTH,SD,ALIVE,1,BB,131,8.3,"5 br., super healthy plant, thick moss"
120817,ME028,JTH,SD,ALIVE,1,BB,32,5.2,"2 br., black moss"
120817,ME029,JTH,SD,ALIVE,1,BB,61,5,"7 br., losing leaves"
120817,ME030,JTH,SD,ALIVE,1,BB,26,5,thin and dying
120817,ME031,JTH,SD,ALIVE,1,BB,77,10,5 br.
120817,ME032,JTH,SD,ALIVE,1,BB,69,9.4,"4 br., black moss"
120817,ME033,JTH,SD,ALIVE,1,BB,37,7.6,"4 br., dead and crispy, thick moss"
120817,ME034,JTH,SD,ALIVE,1,BB,81,9.8,"5 br., leaves falling off, moss"
120817,ME035,JTH,SD,ALIVE,1,BB,40,5,"4 small br., leaves falling off, some thick moss, some black"
120817,ME036,JTH,SD,ALIVE,0,BB,0,0,"no plant, thick moss"
120817,ME061,JTH,SD,ALIVE,1,LB,7,0.8,thick moss
120817,ME062,JTH,SD,ALIVE,1,LB,28,7.1,"5 br., thick moss"
120817,ME063,JTH,SD,ALIVE,1,LB,109,15.3,"7 br., less moss"
120817,ME064,JTH,SD,ALIVE,1,LB,78,8.1,"9 br., moss"
120817,ME065,JTH,SD,ALIVE,1,LB,55,9.3,"4 br., leaves falling off, moss"
120817,ME066,JTH,SD,ALIVE,1,LB,96,7.2,"14 br.., moss, spores"
120817,ME067,JTH,SD,ALIVE,0,LB,0,0,"no plant, spores"
120817,ME068,JTH,SD,ALIVE,1,LB,61,11,9 br.
120817,ME069,JTH,SD,ALIVE,1,LB,49,8.5,"9 br., thick moss"
120817,ME070,JTH,SD,ALIVE,1,LB,108,6.4,15 br.? some small
120817,ME071,JTH,SD,ALIVE,1,LB,30,8.2,"6 br., hard to tell what is part of the same plant or seperate sprouts"
1162018,ME025,JTH,SD,ALIVE,0,BB,0,NA,no plnt
1162018,ME026,JTH,SD,ALIVE,1,BB,56,NA,
1162018,ME027,JTH,SD,ALIVE,1,BB,141,NA,
1162018,ME028,JTH,SD,ALIVE,1,BB,35,NA,
1162018,ME029,JTH,SD,ALIVE,1,BB,69,NA,
1162018,ME030,JTH,SD,ALIVE,1,BB,30,NA,
1162018,ME031,JTH,SD,ALIVE,1,BB,78,NA,
1162018,ME032,JTH,SD,ALIVE,1,BB,61,NA,
1162018,ME033,JTH,SD,ALIVE,1,BB,37,NA,
1162018,ME034,JTH,SD,ALIVE,1,BB,52,NA,
1162018,ME035,JTH,SD,ALIVE,1,BB,36,NA,
1162018,ME036,JTH,SD,ALIVE,0,BB,0,NA,no plnt
1162018,ME061,JTH,SD,ALIVE,1,LB,6,NA,
1162018,ME062,JTH,SD,ALIVE,1,LB,31,NA,
1162018,ME063,JTH,SD,ALIVE,1,LB,105,NA,
1162018,ME064,JTH,SD,ALIVE,1,LB,64,NA,
1162018,ME065,JTH,SD,ALIVE,1,LB,49,NA,
1162018,ME066,JTH,SD,ALIVE,1,LB,76,NA,
1162018,ME067,JTH,SD,ALIVE,0,LB,0,NA,no plnt
1162018,ME068,JTH,SD,ALIVE,1,LB,87,NA,
1162018,ME069,JTH,SD,ALIVE,1,LB,58,NA,
1162018,ME070,JTH,SD,ALIVE,1,LB,129,NA,
1162018,ME071,JTH,SD,ALIVE,1,LB,39,NA,
1162018,ME072,JTH,SD,ALIVE,1,LB,3,NA,
1272017,ME087,JRF,Sterile,DEAD,1,LB,4,0.8,growing on side of cone
1272017,ME088,JRF,Sterile,DEAD,1,LB,11,4.2,moss
1272017,ME089,JRF,Sterile,DEAD,1,LB,6,1.5,moss
1272017,ME090,JRF,Sterile,DEAD,1,LB,2,0.4,moss
1272017,ME091,JRF,Sterile,DEAD,1,LB,5,2.1,moss
1272017,ME092,JRF,Sterile,DEAD,1,LB,10,3.3,moss
1272017,ME093,JRF,Sterile,DEAD,1,LB,9,2.6,moss
1272017,ME094,JRF,Sterile,DEAD,1,LB,3,0.6,
1272017,ME095,JRF,Sterile,DEAD,1,LB,4,0.8,moss
1272017,ME096,JRF,Sterile,DEAD,1,LB,4,1.1,liverwort
2102017,ME001,JRF,Sterile,DEAD,1,BB,8,1.8,moss
2102017,ME002,JRF,Sterile,DEAD,1,BB,5,1.6,moss
2102017,ME003,JRF,Sterile,DEAD,1,BB,6,1.6,moss
2102017,ME004,JRF,Sterile,DEAD,1,BB,9,3.3,moss
2102017,ME005,JRF,Sterile,DEAD,1,BB,40,5,"4 branches, moss"
2102017,ME006,JRF,Sterile,DEAD,1,BB,5,2.6,moss
2102017,ME007,JRF,Sterile,DEAD,1,BB,10,4.6,moss
2102017,ME008,JRF,Sterile,DEAD,1,BB,7,1.1,moss
2102017,ME009,JRF,Sterile,DEAD,1,BB,5,2.1,moss
2102017,ME010,JRF,Sterile,DEAD,1,BB,7,1.7,"moss, liverwort"
2102017,ME011,JRF,Sterile,DEAD,1,BB,15,6.1,moss
2102017,ME012,JRF,Sterile,DEAD,1,BB,10,3,"bent, moss"
2102017,ME085,JRF,Sterile,DEAD,1,LB,15,3.6,
2102017,ME086,JRF,Sterile,DEAD,1,LB,23,3,2 branches
2102017,ME087,JRF,Sterile,DEAD,1,LB,3,0.7,growing on side
2102017,ME088,JRF,Sterile,DEAD,1,LB,16,6.8,moss
2102017,ME089,JRF,Sterile,DEAD,1,LB,6,1.3,moss
2102017,ME090,JRF,Sterile,DEAD,1,LB,2,0.3,moss
2102017,ME091,JRF,Sterile,DEAD,1,LB,5,2.2,"moss, plucked, growing on side"
2102017,ME092,JRF,Sterile,DEAD,1,LB,9,3.2,moss
2102017,ME093,JRF,Sterile,DEAD,1,LB,9,2.6,moss
2102017,ME094,JRF,Sterile,DEAD,1,LB,4,0.9,
2102017,ME095,JRF,Sterile,DEAD,1,LB,5,0.6,moss
2102017,ME096,JRF,Sterile,DEAD,1,LB,4,1.1,"moss, liverwort"
2242017,ME001,JRF,Sterile,DEAD,1,BB,6,2,
2242017,ME002,JRF,Sterile,DEAD,1,BB,4,2.7,
2242017,ME003,JRF,Sterile,DEAD,1,BB,6,1.7,
2242017,ME004,JRF,Sterile,DEAD,1,BB,8,3.2,
2242017,ME005,JRF,Sterile,DEAD,1,BB,42,4.8,
2242017,ME006,JRF,Sterile,DEAD,1,BB,8,2.8,
2242017,ME007,JRF,Sterile,DEAD,1,BB,11,4.6,
2242017,ME008,JRF,Sterile,DEAD,1,BB,8,0.9,
2242017,ME009,JRF,Sterile,DEAD,1,BB,4,2.1,
2242017,ME010,JRF,Sterile,DEAD,1,BB,7,1.8,
2242017,ME011,JRF,Sterile,DEAD,1,BB,17,6.3,
2242017,ME012,JRF,Sterile,DEAD,1,BB,9,3,
2242017,ME085,JRF,Sterile,DEAD,1,LB,13,3.4,
2242017,ME086,JRF,Sterile,DEAD,1,LB,26,4.7,
2242017,ME087,JRF,Sterile,DEAD,1,LB,3,1,
2242017,ME088,JRF,Sterile,DEAD,1,LB,20,9.1,
2242017,ME089,JRF,Sterile,DEAD,1,LB,5,1.2,
2242017,ME090,JRF,Sterile,DEAD,1,LB,3,0.3,
2242017,ME091,JRF,Sterile,DEAD,1,LB,6,2.2,
2242017,ME092,JRF,Sterile,DEAD,1,LB,12,2.2,
2242017,ME093,JRF,Sterile,DEAD,1,LB,10,2.8,
2242017,ME094,JRF,Sterile,DEAD,1,LB,4,0.8,
2242017,ME095,JRF,Sterile,DEAD,1,LB,3,0.5,
2242017,ME096,JRF,Sterile,DEAD,1,LB,4,1,
3102017,ME001,JRF,Sterile,DEAD,1,BB,10,2.2,"moss, 2 branches"
3102017,ME002,JRF,Sterile,DEAD,1,BB,4,1.8,moss
3102017,ME003,JRF,Sterile,DEAD,1,BB,6,1.6,moss
3102017,ME004,JRF,Sterile,DEAD,1,BB,9,3.2,moss
3102017,ME005,JRF,Sterile,DEAD,1,BB,42,5.2,"moss, 4 branches"
3102017,ME006,JRF,Sterile,DEAD,1,BB,10,3.3,moss
3102017,ME007,JRF,Sterile,DEAD,1,BB,10,4.6,moss
3102017,ME008,JRF,Sterile,DEAD,1,BB,7,0.8,moss
3102017,ME009,JRF,Sterile,DEAD,1,BB,4,2.2,moss
3102017,ME010,JRF,Sterile,DEAD,1,BB,6,1.8,"moss, liverwort"
3102017,ME011,JRF,Sterile,DEAD,1,BB,16,6.1,moss
3102017,ME012,JRF,Sterile,DEAD,1,BB,10,2.5,moss
3102017,ME085,JRF,Sterile,DEAD,1,LB,19,3.4,moss
3102017,ME086,JRF,Sterile,DEAD,1,LB,30,6.7,3 branches
3102017,ME087,JRF,Sterile,DEAD,1,LB,4,1.2,
3102017,ME088,JRF,Sterile,DEAD,1,LB,33,9.9,"2 branches, moss"
3102017,ME089,JRF,Sterile,DEAD,1,LB,7,1.6,moss
3102017,ME090,JRF,Sterile,DEAD,1,LB,3,0.6,moss
3102017,ME091,JRF,Sterile,DEAD,1,LB,6,8.3,moss
3102017,ME092,JRF,Sterile,DEAD,1,LB,15,3.1,2 branches
3102017,ME093,JRF,Sterile,DEAD,1,LB,11,2.7,moss
3102017,ME094,JRF,Sterile,DEAD,1,LB,5,0.6,
3102017,ME095,JRF,Sterile,DEAD,1,LB,4,0.6,moss
3102017,ME096,JRF,Sterile,DEAD,1,LB,4,1,"moss, liverwort"
4072017,ME001,JRF,Sterile,DEAD,1,BB,13,3.7,"moss, 2 branches,"
4072017,ME002,JRF,Sterile,DEAD,1,BB,3,1.6,moss
4072017,ME003,JRF,Sterile,DEAD,1,BB,5,1.5,moss
4072017,ME004,JRF,Sterile,DEAD,1,BB,6,3,moss
4072017,ME005,JRF,Sterile,DEAD,1,BB,41,6.7,"3 branches, moss"
4072017,ME006,JRF,Sterile,DEAD,1,BB,15,4.2,moss
4072017,ME007,JRF,Sterile,DEAD,1,BB,9,4.9,moss
4072017,ME008,JRF,Sterile,DEAD,1,BB,6,1,moss
4072017,ME009,JRF,Sterile,DEAD,1,BB,7,2.3,moss
4072017,ME010,JRF,Sterile,DEAD,1,BB,7,1.8,"moss, liverwort"
4072017,ME011,JRF,Sterile,DEAD,1,BB,22,6.6,"2 branches, moss"
4072017,ME012,JRF,Sterile,DEAD,1,BB,8,2.5,moss
4072017,ME085,JRF,Sterile,DEAD,1,LB,26,3.5,"3 branches, moss"
4072017,ME086,JRF,Sterile,DEAD,1,LB,43,7.4,"5 branches, moss"
4072017,ME087,JRF,Sterile,DEAD,1,LB,3,1.1,moss
4072017,ME088,JRF,Sterile,DEAD,1,LB,60,9.6,"moss, 4 branches"
4072017,ME089,JRF,Sterile,DEAD,1,LB,10,1.8,"2 branches, moss"
4072017,ME090,JRF,Sterile,DEAD,1,LB,2,0.6,moss growing around plant muight be affecting measurement.
4072017,ME091,JRF,Sterile,DEAD,1,LB,5,2.2,moss
4072017,ME092,JRF,Sterile,DEAD,1,LB,18,3.1,"3 brnaches, moss"
4072017,ME093,JRF,Sterile,DEAD,1,LB,13,2.4,"2 branches, moss"
4072017,ME094,JRF,Sterile,DEAD,1,LB,9,2.4,moss
4072017,ME095,JRF,Sterile,DEAD,1,LB,2,0.4,moss
4072017,ME096,JRF,Sterile,DEAD,1,LB,4,0.9,"moss, liverwort"
4232017,ME001,JRF,Sterile,DEAD,1,BB,12,3.6,moss/ two branches
4232017,ME002,JRF,Sterile,DEAD,1,BB,3,1.5,moss
4232017,ME003,JRF,Sterile,DEAD,1,BB,5,1.6,moss
4232017,ME004,JRF,Sterile,DEAD,1,BB,8,3.2,moss
4232017,ME005,JRF,Sterile,DEAD,1,BB,47,7,three branches
4232017,ME006,JRF,Sterile,DEAD,1,BB,65,7.5,moss/seven branches
4232017,ME007,JRF,Sterile,DEAD,1,BB,4,5,moss
4232017,ME008,JRF,Sterile,DEAD,1,BB,7,1,moss
4232017,ME009,JRF,Sterile,DEAD,1,BB,8,2.1,moss
4232017,ME010,JRF,Sterile,DEAD,1,BB,6,1.8,moss/liverwort
4232017,ME011,JRF,Sterile,DEAD,1,BB,27,6.7,moss/two branches
4232017,ME012,JRF,Sterile,DEAD,1,BB,9,2.5,moss
4232017,ME085,JRF,Sterile,DEAD,1,LB,33,3.5,three branches
4232017,ME086,JRF,Sterile,DEAD,1,LB,42,8.1,moss/four branches
4232017,ME087,JRF,Sterile,DEAD,1,LB,3,1.1,moss
4232017,ME088,JRF,Sterile,DEAD,1,LB,60,9,moss/five branches
4232017,ME089,JRF,Sterile,DEAD,1,LB,13,1.7,moss/two branches
4232017,ME090,JRF,Sterile,DEAD,1,LB,2,1.6,moss
4232017,ME091,JRF,Sterile,DEAD,1,LB,6,2.1,moss
4232017,ME092,JRF,Sterile,DEAD,1,LB,36,5.1,moss/two branches
4232017,ME093,JRF,Sterile,DEAD,1,LB,15,2.6,moss/two branches
4232017,ME094,JRF,Sterile,DEAD,1,LB,11,2.7,moss
4232017,ME095,JRF,Sterile,DEAD,1,LB,52,4.9,moss/ four branches
4232017,ME096,JRF,Sterile,DEAD,1,LB,2,0.9,moss/liverwort
5072017,ME001,JRF,Sterile,DEAD,1,BB,11,3.8,two branches/ moss
5072017,ME002,JRF,Sterile,DEAD,1,BB,3,1.7,moss
5072017,ME003,JRF,Sterile,DEAD,1,BB,6,1.6,moss
5072017,ME004,JRF,Sterile,DEAD,1,BB,8,3.2,moss
5072017,ME005,JRF,Sterile,DEAD,1,BB,49,6.8,three branches/moss
5072017,ME006,JRF,Sterile,DEAD,1,BB,30,4.9,two branches/ moss
5072017,ME007,JRF,Sterile,DEAD,1,BB,6,5.2,moss
5072017,ME008,JRF,Sterile,DEAD,1,BB,7,0.9,moss
5072017,ME009,JRF,Sterile,DEAD,1,BB,8,2.1,moss
5072017,ME010,JRF,Sterile,DEAD,1,BB,6,1.7,moss/liverwort
5072017,ME011,JRF,Sterile,DEAD,1,BB,33,6.8,two branches/ moss
5072017,ME012,JRF,Sterile,DEAD,1,BB,7,2.4,moss/possibly dying
5072017,ME085,JRF,Sterile,DEAD,1,LB,27,3.7,three branches/moss
5072017,ME086,JRF,Sterile,DEAD,1,LB,53,7.6,moss
5072017,ME087,JRF,Sterile,DEAD,1,LB,4,1.3,moss
5072017,ME088,JRF,Sterile,DEAD,1,LB,67,4.6,five branches/moss
5072017,ME089,JRF,Sterile,DEAD,1,LB,12,1.8,two branches/ moss
5072017,ME090,JRF,Sterile,DEAD,1,LB,2,0.5,moss
5072017,ME091,JRF,Sterile,DEAD,1,LB,5,2.4,moss
5072017,ME092,JRF,Sterile,DEAD,1,LB,22,3,three branches/moss
5072017,ME093,JRF,Sterile,DEAD,1,LB,13,2.4,moss
5072017,ME094,JRF,Sterile,DEAD,1,LB,16,3.7,moss
5072017,ME095,JRF,Sterile,DEAD,1,LB,2,0.4,moss
5072017,ME096,JRF,Sterile,DEAD,1,LB,3,1,moss/liverwort
10272017,ME001,JTH,Sterile,DEAD,1,BB,3,1.3,"4 br., 1/2 dirt, 1/2 moss"
10272017,ME002,JTH,Sterile,DEAD,0,BB,0,0,moss
10272017,ME003,JTH,Sterile,DEAD,1,BB,1,1,"deadish, thick moss"
10272017,ME004,JTH,Sterile,DEAD,1,BB,14,4.7,"2 br., moss, sporophytes"
10272017,ME005,JTH,Sterile,DEAD,1,BB,18,7.4,"4 br., moss"
10272017,ME006,JTH,Sterile,DEAD,1,BB,25,10.2,"6 br., thin moss"
10272017,ME007,JTH,Sterile,DEAD,1,BB,10,4.9,"3 br., tallest=almost dead, moss"
10272017,ME008,JTH,Sterile,DEAD,1,BB,5,0.5,"thick moss, sporophytes"
10272017,ME009,JTH,Sterile,DEAD,1,BB,13,6,"4 br., moss"
10272017,ME010,JTH,Sterile,DEAD,1,BB,3,1.1,"moss, sporophytes"
10272017,ME011,JTH,Sterile,DEAD,1,BB,27,6,"2 br., 1 dead, moss"
10272017,ME012,JTH,Sterile,DEAD,1,BB,1,1.1,thick moss
10272017,ME085,JTH,Sterile,DEAD,1,LB,10,3.2,"8 br., almost no moss"
10272017,ME086,JTH,Sterile,DEAD,1,LB,11,6,"10 br., most ~8cm, very little moss"
10272017,ME087,JTH,Sterile,DEAD,1,LB,9,3.8,"5 br., no moss"
10272017,ME088,JTH,Sterile,DEAD,1,LB,33,15,"top broke, 5 br."
10272017,ME089,JTH,Sterile,DEAD,1,LB,4,2.1,"2 br., buried in thick moss"
10272017,ME090,JTH,Sterile,DEAD,1,LB,3,0.5,"1 br., sporophytes"
10272017,ME091,JTH,Sterile,DEAD,1,LB,4,1.6,"moss, sporophytes"
10272017,ME092,JTH,Sterile,DEAD,1,LB,10,3.4,"4 br., moss"
10272017,ME093,JTH,Sterile,DEAD,1,LB,10,3.4,"4 br., moss"
10272017,ME094,JTH,Sterile,DEAD,1,LB,9,2.8,"4 br., thick moss, sporophytes"
10272017,ME095,JTH,Sterile,DEAD,1,LB,6,1,sporophytes
10272017,ME096,JTH,Sterile,DEAD,1,LB,4,1.2,moss
11182016,ME001,MME,Sterile,DEAD,1,BB,2,1.2,
11182016,ME002,MME,Sterile,DEAD,1,BB,2,1.8,
11182016,ME003,MME,Sterile,DEAD,1,BB,2,1,
11182016,ME004,MME,Sterile,DEAD,1,BB,2,0.9,
11182016,ME005,MME,Sterile,DEAD,1,BB,2,1.9,
11182016,ME006,MME,Sterile,DEAD,1,BB,0,0.9,
11182016,ME007,MME,Sterile,DEAD,1,BB,2,1.4,
11182016,ME008,MME,Sterile,DEAD,1,BB,2,0.6,
11182016,ME009,MME,Sterile,DEAD,1,BB,2,2,
11182016,ME010,MME,Sterile,DEAD,1,BB,2,1.4,
11182016,ME011,MME,Sterile,DEAD,1,BB,2,1.7,
11182016,ME012,MME,Sterile,DEAD,1,BB,2,1.8,
11182016,ME089,MME,Sterile,DEAD,0,LB,0,0,
11182016,ME090,MME,Sterile,DEAD,0,LB,0,0,no germination
11182016,ME091,MME,Sterile,DEAD,1,LB,0,0.15,germination
11182016,ME092,MME,Sterile,DEAD,1,LB,0,0.5,
11182016,ME093,MME,Sterile,DEAD,1,LB,0,0.1,
11182016,ME094,MME,Sterile,DEAD,1,LB,0,0.2,
11182016,ME095,MME,Sterile,DEAD,1,LB,2,1.1,
11182016,ME096,MME,Sterile,DEAD,1,LB,0,0.7,
11252016,ME001,MME,Sterile,DEAD,1,BB,2,1.5,
11252016,ME002,MME,Sterile,DEAD,1,BB,4,3.2,
11252016,ME003,MME,Sterile,DEAD,1,BB,4,1.8,weeded
11252016,ME004,MME,Sterile,DEAD,1,BB,3,1.6,weeded
11252016,ME005,MME,Sterile,DEAD,1,BB,4,2.4,weeded
11252016,ME006,MME,Sterile,DEAD,1,BB,2,1.6,weeded
11252016,ME007,MME,Sterile,DEAD,1,BB,5,2.5,weeded
11252016,ME008,MME,Sterile,DEAD,1,BB,2,0.9,
11252016,ME009,MME,Sterile,DEAD,1,BB,4,3.1,weeded
11252016,ME010,MME,Sterile,DEAD,1,BB,4,1.9,weeded
11252016,ME011,MME,Sterile,DEAD,1,BB,4,2.9,
11252016,ME012,MME,Sterile,DEAD,1,BB,4,2.6,growing sideways
11252016,ME085,MME,Sterile,DEAD,1,LB,2,1.1,weeded
11252016,ME086,MME,Sterile,DEAD,1,LB,2,0.6,weeded
11252016,ME087,MME,Sterile,DEAD,1,LB,1,1.1,weeded
11252016,ME088,MME,Sterile,DEAD,1,LB,2,1.6,
11252016,ME089,MME,Sterile,DEAD,0,LB,0,0,
11252016,ME090,MME,Sterile,DEAD,1,LB,2,0.9,weeded
11252016,ME091,MME,Sterile,DEAD,1,LB,2,1.1,weeded
11252016,ME092,MME,Sterile,DEAD,1,LB,2,1.1,weeded
11252016,ME093,MME,Sterile,DEAD,1,LB,2,1.3,weeded
11252016,ME094,MME,Sterile,DEAD,1,LB,2,0.6,weeded
11252016,ME095,MME,Sterile,DEAD,1,LB,4,2.3,
11252016,ME096,MME,Sterile,DEAD,1,LB,2,1.2,weeded
12022016,ME001,ALK,Sterile,DEAD,1,BB,2,1,
12022016,ME002,ALK,Sterile,DEAD,1,BB,5,2.3,bent
12022016,ME003,ALK,Sterile,DEAD,1,BB,4,1.7,
12022016,ME004,ALK,Sterile,DEAD,1,BB,4,1.1,tilted
12022016,ME005,ALK,Sterile,DEAD,1,BB,4,2.2,
12022016,ME006,ALK,Sterile,DEAD,1,BB,4,1.7,tilted
12022016,ME007,ALK,Sterile,DEAD,1,BB,5,2.6,
12022016,ME008,ALK,Sterile,DEAD,1,BB,4,0.9,plucked
12022016,ME009,ALK,Sterile,DEAD,1,BB,5,2.2,
12022016,ME010,ALK,Sterile,DEAD,1,BB,5,1.9,
12022016,ME011,ALK,Sterile,DEAD,1,BB,4,2.5,
12022016,ME012,ALK,Sterile,DEAD,1,BB,5,2.6,on side
12022016,ME085,ALK,Sterile,DEAD,1,LB,2,0.7,plucked
12022016,ME086,ALK,Sterile,DEAD,1,LB,2,0.6,
12022016,ME087,ALK,Sterile,DEAD,1,LB,2,0.7,plucked
12022016,ME088,ALK,Sterile,DEAD,1,LB,4,1.9,plucked
12022016,ME089,ALK,Sterile,DEAD,0,LB,0,0,nothing present
12022016,ME090,ALK,Sterile,DEAD,1,LB,2,0.8,"plucked, invading moss, disturbed, on side"
12022016,ME091,ALK,Sterile,DEAD,1,LB,0,0.4,"completely on side, dead?"
12022016,ME092,ALK,Sterile,DEAD,1,LB,2,0.7,plucked
12022016,ME093,ALK,Sterile,DEAD,1,LB,2,0.9,plucked
12022016,ME094,ALK,Sterile,DEAD,1,LB,2,0.4,"on side, dead?"
12022016,ME095,ALK,Sterile,DEAD,1,LB,4,1.3,plucked
12022016,ME096,ALK,Sterile,DEAD,1,LB,2,0.9,on side
12092016,ME001,ALK,Sterile,DEAD,1,BB,3,1.2,
12092016,ME002,ALK,Sterile,DEAD,1,BB,5,1.9,moss/ wilted/curled
12092016,ME003,ALK,Sterile,DEAD,1,BB,5,2,moss
12092016,ME004,ALK,Sterile,DEAD,1,BB,4,1.4,moss
12092016,ME005,ALK,Sterile,DEAD,1,BB,6,2.2,
12092016,ME006,ALK,Sterile,DEAD,1,BB,5,2.3,moss/bent
12092016,ME007,ALK,Sterile,DEAD,1,BB,7,3.4,plucked/moss
12092016,ME008,ALK,Sterile,DEAD,1,BB,5,1,
12092016,ME009,ALK,Sterile,DEAD,1,BB,6,2.3,moss
12092016,ME010,ALK,Sterile,DEAD,1,BB,5,1.8,moss/plucked/bug
12092016,ME011,ALK,Sterile,DEAD,1,BB,5,2.9,
12092016,ME012,ALK,Sterile,DEAD,1,BB,6,2.5,plucked/moss/side
12092016,ME085,ALK,Sterile,DEAD,1,LB,4,0.6,curled
12092016,ME086,ALK,Sterile,DEAD,1,LB,4,1.4,plucked
12092016,ME087,ALK,Sterile,DEAD,1,LB,2,0.7,plucked/shriveled
12092016,ME088,ALK,Sterile,DEAD,1,LB,5,2.2,
12092016,ME089,ALK,Sterile,DEAD,1,LB,2,0.7,plucked/sickly
12092016,ME090,ALK,Sterile,DEAD,1,LB,2,0.7,moss/squished
12092016,ME091,ALK,Sterile,DEAD,1,LB,4,1.7,plucked/moss
12092016,ME092,ALK,Sterile,DEAD,1,LB,2,0.6,
12092016,ME093,ALK,Sterile,DEAD,1,LB,3,1.3,plucked
12092016,ME094,ALK,Sterile,DEAD,0,LB,0,0,no germination
12092016,ME095,ALK,Sterile,DEAD,1,LB,4,1.5,moss
12092016,ME096,ALK,Sterile,DEAD,1,LB,2,1.5,plucked/curled
12162016,ME001,ALK,Sterile,DEAD,1,BB,5,1.7,
12162016,ME002,ALK,Sterile,DEAD,1,BB,5,1.9,moss
12162016,ME003,ALK,Sterile,DEAD,1,BB,5,2,
12162016,ME004,ALK,Sterile,DEAD,1,BB,7,1.9,moss
12162016,ME005,ALK,Sterile,DEAD,1,BB,10,3.3,moss
12162016,ME006,ALK,Sterile,DEAD,1,BB,7,2.5,
12162016,ME007,ALK,Sterile,DEAD,1,BB,8,4.1,moss
12162016,ME008,ALK,Sterile,DEAD,1,BB,5,1.2,
12162016,ME009,ALK,Sterile,DEAD,1,BB,5,2.4,moss
12162016,ME010,ALK,Sterile,DEAD,1,BB,5,1.8,moss
12162016,ME011,ALK,Sterile,DEAD,1,BB,9,4.1,
12162016,ME012,ALK,Sterile,DEAD,1,BB,8,2.6,
12162016,ME085,ALK,Sterile,DEAD,1,LB,4,1.4,
12162016,ME086,ALK,Sterile,DEAD,1,LB,3,1.2,plucked
12162016,ME087,ALK,Sterile,DEAD,1,LB,2,0.7,plucked
12162016,ME088,ALK,Sterile,DEAD,1,LB,6,2.9,
12162016,ME089,ALK,Sterile,DEAD,1,LB,2,0.7,
12162016,ME090,ALK,Sterile,DEAD,1,LB,2,0.6,moss-collapsed
12162016,ME091,ALK,Sterile,DEAD,1,LB,5,2.1,plucked; moss
12162016,ME092,ALK,Sterile,DEAD,1,LB,4,1.3,moss
12162016,ME093,ALK,Sterile,DEAD,1,LB,5,1.7,
12162016,ME094,ALK,Sterile,DEAD,0,LB,0,0,nothing present
12162016,ME095,ALK,Sterile,DEAD,1,LB,5,1.6,moss
12162016,ME096,ALK,Sterile,DEAD,1,LB,4,1.4,
12302016,ME001,PPK,Sterile,DEAD,1,BB,7,1.9,pos moss
12302016,ME002,PPK,Sterile,DEAD,1,BB,5,1.8,pos moss
12302016,ME003,PPK,Sterile,DEAD,1,BB,5,1.7,pos moss
12302016,ME004,PPK,Sterile,DEAD,1,BB,8,2.8,pos moss
12302016,ME005,PPK,Sterile,DEAD,1,BB,18,4.1,"3 branches, pos moss"
12302016,ME006,PPK,Sterile,DEAD,1,BB,7,2.7,pos moss
12302016,ME007,PPK,Sterile,DEAD,1,BB,10,4.5,pos moss
12302016,ME008,PPK,Sterile,DEAD,1,BB,7,1.6,pos moss
12302016,ME009,PPK,Sterile,DEAD,1,BB,8,2.1,pos moss
12302016,ME010,PPK,Sterile,DEAD,1,BB,7,1.5,"pos moss, liverwort"
12302016,ME011,PPK,Sterile,DEAD,1,BB,10,5.8,pos moss
12302016,ME012,PPK,Sterile,DEAD,1,BB,8,3.2,pos moss
12302016,ME088,PPK,Sterile,DEAD,1,LB,8,3.6,pos moss
12302016,ME089,PPK,Sterile,DEAD,1,LB,5,1.5,neg moss
12302016,ME090,PPK,Sterile,DEAD,1,LB,2,0.7,pos moss
12302016,ME091,PPK,Sterile,DEAD,1,LB,5,2.2,pos moss
12302016,ME092,PPK,Sterile,DEAD,1,LB,5,1.6,"invader(BR), pos moss"
12302016,ME093,PPK,Sterile,DEAD,1,LB,6,2.1,pos moss
12302016,ME094,PPK,Sterile,DEAD,1,LB,2,0.2,neg moss
12302016,ME095,PPK,Sterile,DEAD,1,LB,5,1.1,pos moss
12302016,ME096,PPK,Sterile,DEAD,1,LB,4,0.9,pos moss
1142017,ME001,MME,Sterile,DEAD,1,BB,7,1.8,m
1142017,ME002,MME,Sterile,DEAD,1,BB,5,2.3,m
1142017,ME003,MME,Sterile,DEAD,1,BB,5,1.8,m
1142017,ME004,MME,Sterile,DEAD,1,BB,8,3.2,m
1142017,ME005,MME,Sterile,DEAD,1,BB,28,5.3,"m, 3branches"
1142017,ME006,MME,Sterile,DEAD,1,BB,7,3,m
1142017,ME007,MME,Sterile,DEAD,1,BB,12,4.7,m
1142017,ME008,MME,Sterile,DEAD,1,BB,7,1.3,m
1142017,ME009,MME,Sterile,DEAD,1,BB,6,2.4,m
1142017,ME010,MME,Sterile,DEAD,1,BB,6,1.6,"m, liverwort"
1142017,ME011,MME,Sterile,DEAD,1,BB,11,6.2,m
1142017,ME012,MME,Sterile,DEAD,1,BB,9,3.3,m
1142017,ME086,MME,Sterile,DEAD,1,LB,11,3.6,moss
1142017,ME087,MME,Sterile,DEAD,1,LB,3,0.6,moss
1142017,ME088,MME,Sterile,DEAD,1,LB,7,3.9,moss
1142017,ME089,MME,Sterile,DEAD,1,LB,5,1.5,moss
1142017,ME090,MME,Sterile,DEAD,1,LB,2,0.7,"m, bent"
1142017,ME091,MME,Sterile,DEAD,1,LB,5,2.2,moss
1142017,ME092,MME,Sterile,DEAD,1,LB,7,2.5,moss
1142017,ME093,MME,Sterile,DEAD,1,LB,5,2.3,moss
1142017,ME094,MME,Sterile,DEAD,1,LB,2,0.4,n
1142017,ME095,MME,Sterile,DEAD,1,LB,5,1.2,moss
1142017,ME096,MME,Sterile,DEAD,1,LB,4,1.1,"m, liverwort"
1272017,ME001,JRF,Sterile,DEAD,1,BB,6,1.6,moss
1272017,ME002,JRF,Sterile,DEAD,1,BB,5,2,"moss, liverwort"
1272017,ME003,JRF,Sterile,DEAD,1,BB,6,1.6,moss
1272017,ME004,JRF,Sterile,DEAD,1,BB,8,3.4,moss
1272017,ME005,JRF,Sterile,DEAD,1,BB,43,5.5,"5 branches, moss"
1272017,ME006,JRF,Sterile,DEAD,1,BB,6,2.3,moss
1272017,ME007,JRF,Sterile,DEAD,1,BB,12,4.6,moss
1272017,ME008,JRF,Sterile,DEAD,1,BB,7,1,moss
1272017,ME009,JRF,Sterile,DEAD,1,BB,5,2.3,moss
1272017,ME010,JRF,Sterile,DEAD,1,BB,7,1.7,"moss, plucked"
1272017,ME011,JRF,Sterile,DEAD,1,BB,14,6.2,moss
1272017,ME012,JRF,Sterile,DEAD,1,BB,9,3,"bent, moss"
1142017,ME038,MME,UD,ALIVE,1,BB,3,0.7,n
1142017,ME039,MME,UD,ALIVE,0,BB,0,0,no plant
1142017,ME040,MME,UD,ALIVE,1,BB,6,9.7,moss
1142017,ME041,MME,UD,ALIVE,1,BB,7,2,moss
1142017,ME041,MME,UD,ALIVE,1,BB,7,2,moss
1142017,ME042,MME,UD,ALIVE,1,BB,8,2.6,moss
1142017,ME043,MME,UD,ALIVE,1,BB,12,2.3,moss
1142017,ME044,MME,UD,ALIVE,1,BB,10,3.2,moss
1142017,ME045,MME,UD,ALIVE,0,BB,0,0,no plant
1142017,ME046,MME,UD,ALIVE,0,BB,0,0,no plant
1142017,ME047,MME,UD,ALIVE,1,BB,9,2.1,moss
1142017,ME048,MME,UD,ALIVE,0,BB,0,0,no plant/moss
1142017,ME049,MME,UD,ALIVE,1,BB,5,1.5,n
1142017,ME050,MME,UD,ALIVE,1,BB,6,1.8,moss
1142017,ME051,MME,UD,ALIVE,1,LB,6,2.8,moss
1142017,ME052,MME,UD,ALIVE,1,LB,3,0.5,moss
1142017,ME053,MME,UD,ALIVE,1,LB,4,0.9,n
1142017,ME054,MME,UD,ALIVE,1,LB,2,0.5,moss
1142017,ME056,MME,UD,ALIVE,1,LB,5,0.9,moss
1142017,ME057,MME,UD,ALIVE,1,LB,5,2.2,moss
1142017,ME058,MME,UD,ALIVE,1,LB,7,2.5,moss
1142017,ME059,MME,UD,ALIVE,1,LB,4,1.4,m
1142017,ME060,MME,UD,ALIVE,1,LB,8,2.7,n
1142017,ME061,MME,UD,ALIVE,1,LB,4,0.8,n
1142017,ME062,MME,UD,ALIVE,1,LB,3,0.6,moss
1272017,ME037,JRF,UD,ALIVE,1,BB,32,7.5,"3 branches, moss"
1272017,ME038,JRF,UD,ALIVE,1,BB,4,0.6,
1272017,ME039,JRF,UD,ALIVE,0,BB,0,0,
1272017,ME040,JRF,UD,ALIVE,1,BB,5,1.6,"moss, plucked"
1272017,ME041,JRF,UD,ALIVE,1,BB,10,2.2,moss
1272017,ME042,JRF,UD,ALIVE,1,BB,6,2.1,moss
1272017,ME043,JRF,UD,ALIVE,1,BB,12,2.3,moss
1272017,ME044,JRF,UD,ALIVE,1,BB,13,3.6,moss
1272017,ME045,JRF,UD,ALIVE,0,BB,0,0,-
1272017,ME046,JRF,UD,ALIVE,0,BB,0,0,
1272017,ME047,JRF,UD,ALIVE,1,BB,12,3.2,moss
1272017,ME048,JRF,UD,ALIVE,0,BB,0,0,moss
1272017,ME049,JRF,UD,ALIVE,1,LB,7,1.7,
1272017,ME050,JRF,UD,ALIVE,1,LB,8,1.6,moss
1272017,ME051,JRF,UD,ALIVE,1,LB,7,2.5,"bent, moss"
1272017,ME052,JRF,UD,ALIVE,1,LB,4,0.5,moss
1272017,ME053,JRF,UD,ALIVE,1,LB,8,1.8,moss
1272017,ME054,JRF,UD,ALIVE,1,LB,3,0.5,moss
1272017,ME055,JRF,UD,ALIVE,1,LB,4,0.8,
1272017,ME056,JRF,UD,ALIVE,1,LB,6,1.4,moss
1272017,ME057,JRF,UD,ALIVE,1,LB,7,2.3,"half-bent, moss"
1272017,ME058,JRF,UD,ALIVE,1,LB,8,2.6,"2 branches, moss"
1272017,ME059,JRF,UD,ALIVE,1,LB,5,1,moss
1272017,ME060,JRF,UD,ALIVE,1,LB,10,3.6,"bent, moss"
1272017,ME061,JRF,UD,ALIVE,1,LB,5,0.6,moss
2102017,ME037,JRF,UD,ALIVE,1,BB,36,7.8,moss
2102017,ME038,JRF,UD,ALIVE,1,BB,3,0.4,
2102017,ME039,JRF,UD,ALIVE,0,BB,0,0,no plant
2102017,ME040,JRF,UD,ALIVE,1,BB,5,1.7,moss
2102017,ME041,JRF,UD,ALIVE,1,BB,16,4.1,moss
2102017,ME042,JRF,UD,ALIVE,1,BB,7,2,moss
2102017,ME043,JRF,UD,ALIVE,1,BB,12,2.3,moss
2102017,ME044,JRF,UD,ALIVE,1,BB,19,4,"3 branches, moss"
2102017,ME045,JRF,UD,ALIVE,0,BB,0,0,"no plant, moss"
2102017,ME046,JRF,UD,ALIVE,0,BB,0,0,no plant
2102017,ME047,JRF,UD,ALIVE,1,BB,19,4.2,moss
2102017,ME048,JRF,UD,ALIVE,0,BB,0,0,"no plant, moss"
2102017,ME049,JRF,UD,ALIVE,1,LB,6,1.8,
2102017,ME050,JRF,UD,ALIVE,1,LB,7,1.7,moss
2102017,ME051,JRF,UD,ALIVE,1,LB,10,2.5,moss
2102017,ME052,JRF,UD,ALIVE,1,LB,4,0.5,moss
2102017,ME053,JRF,UD,ALIVE,1,LB,9,1.7,moss
2102017,ME054,JRF,UD,ALIVE,1,LB,5,0.7,moss
2102017,ME055,JRF,UD,ALIVE,1,LB,7,1.1,
2102017,ME056,JRF,UD,ALIVE,1,LB,8,2,moss
2102017,ME057,JRF,UD,ALIVE,1,LB,10,3.1,"bent, moss, plucked"
2102017,ME058,JRF,UD,ALIVE,1,LB,9,2.6,moss
2102017,ME059,JRF,UD,ALIVE,1,LB,6,1,moss
2102017,ME060,JRF,UD,ALIVE,1,LB,11,5,bent
2242017,ME037,JRF,UD,ALIVE,1,BB,34,7.7,
2242017,ME038,JRF,UD,ALIVE,1,BB,3,0.4,
2242017,ME039,JRF,UD,ALIVE,0,BB,0,0,
2242017,ME040,JRF,UD,ALIVE,1,BB,10,2.5,
2242017,ME041,JRF,UD,ALIVE,1,BB,14,4.4,
2242017,ME042,JRF,UD,ALIVE,1,BB,14,3.1,
2242017,ME043,JRF,UD,ALIVE,1,BB,17,2.2,
2242017,ME044,JRF,UD,ALIVE,1,BB,24,3.6,
2242017,ME045,JRF,UD,ALIVE,0,BB,0,0,
2242017,ME046,JRF,UD,ALIVE,0,BB,0,0,
2242017,ME047,JRF,UD,ALIVE,1,BB,25,4.5,
2242017,ME048,JRF,UD,ALIVE,0,BB,0,0,
2242017,ME049,JRF,UD,ALIVE,1,LB,11,3.4,
2242017,ME050,JRF,UD,ALIVE,1,LB,7,1.7,
2242017,ME051,JRF,UD,ALIVE,1,LB,16,2.6,
2242017,ME052,JRF,UD,ALIVE,1,LB,4,0.5,
2242017,ME053,JRF,UD,ALIVE,1,LB,8,2.3,
2242017,ME054,JRF,UD,ALIVE,1,LB,6,1,
2242017,ME055,JRF,UD,ALIVE,1,LB,8,1.8,
2242017,ME056,JRF,UD,ALIVE,1,LB,8,2.6,
2242017,ME057,JRF,UD,ALIVE,1,LB,8,4,
2242017,ME058,JRF,UD,ALIVE,1,LB,16,3.6,
2242017,ME059,JRF,UD,ALIVE,1,LB,6,1.1,
2242017,ME060,JRF,UD,ALIVE,1,LB,15,5.5,
3102017,ME037,JRF,UD,ALIVE,1,BB,39,7.9,"moss, 4 branches"
3102017,ME038,JRF,UD,ALIVE,1,BB,3,0.4,"moss, looks unhealthy"
3102017,ME039,JRF,UD,ALIVE,0,BB,0,0,no plant
3102017,ME040,JRF,UD,ALIVE,1,BB,17,4.2,moss
3102017,ME041,JRF,UD,ALIVE,1,BB,27,4.1,moss
3102017,ME042,JRF,UD,ALIVE,1,BB,20,4.8,moss
3102017,ME043,JRF,UD,ALIVE,1,BB,24,3.6,moss
3102017,ME044,JRF,UD,ALIVE,1,BB,31,3.8,"3 branches, moss"
3102017,ME045,JRF,UD,ALIVE,0,BB,0,0,"no plant, moss"
3102017,ME046,JRF,UD,ALIVE,0,BB,0,0,no plant
3102017,ME047,JRF,UD,ALIVE,1,BB,37,7.5,moss
3102017,ME048,JRF,UD,ALIVE,0,BB,0,0,"no plant, moss"
3102017,ME049,JRF,UD,ALIVE,1,LB,16,5,2 branches
3102017,ME050,JRF,UD,ALIVE,1,LB,8,1.7,moss
3102017,ME051,JRF,UD,ALIVE,1,LB,31,3,moss
3102017,ME052,JRF,UD,ALIVE,1,LB,4,0.5,moss
3102017,ME053,JRF,UD,ALIVE,1,LB,8,3.1,
3102017,ME054,JRF,UD,ALIVE,1,LB,6,0.9,moss
3102017,ME055,JRF,UD,ALIVE,1,LB,9,3.8,
3102017,ME056,JRF,UD,ALIVE,1,LB,11,3.4,moss
3102017,ME057,JRF,UD,ALIVE,1,LB,16,4,moss
3102017,ME058,JRF,UD,ALIVE,1,LB,23,5,moss
3102017,ME059,JRF,UD,ALIVE,1,LB,8,1.1,moss
3102017,ME060,JRF,UD,ALIVE,1,LB,20,5.6,moss
4072017,ME037,JRF,UD,ALIVE,1,BB,50,7.4,"6 branches, moss"
4072017,ME038,JRF,UD,ALIVE,1,BB,4,0.4,moss
4072017,ME039,JRF,UD,ALIVE,0,BB,0,0,"no plant, moss"
4072017,ME040,JRF,UD,ALIVE,1,BB,29,4.3,moss
4072017,ME041,JRF,UD,ALIVE,1,BB,5.6,59,"7 branches, moss"
4072017,ME042,JRF,UD,ALIVE,1,BB,24,5.3,"2 branches, moss"
4072017,ME043,JRF,UD,ALIVE,1,BB,34,3.5,"moss, 2 branches,"
4072017,ME044,JRF,UD,ALIVE,1,BB,52,5.5,"moss, 4 branches"
4072017,ME045,JRF,UD,ALIVE,0,BB,0,0,"no plant, moss"
4072017,ME046,JRF,UD,ALIVE,0,BB,0,0,"no plant, moss"
4072017,ME047,JRF,UD,ALIVE,1,BB,65,10,"4 branches, moss"
4072017,ME048,JRF,UD,ALIVE,1,BB,31,6.5,3 branches
4072017,ME049,JRF,UD,ALIVE,1,LB,11,2,"moss, 2 branches,"
4072017,ME050,JRF,UD,ALIVE,1,LB,40,3.9,"4 branches, moss"
4072017,ME051,JRF,UD,ALIVE,1,LB,5,1.1,moss
4072017,ME052,JRF,UD,ALIVE,1,LB,10,1.4,moss
4072017,ME053,JRF,UD,ALIVE,1,LB,23,4.1,4 branches
4072017,ME054,JRF,UD,ALIVE,1,LB,6,1.4,moss
4072017,ME055,JRF,UD,ALIVE,1,LB,24,4.6,3 branches
4072017,ME056,JRF,UD,ALIVE,1,LB,24,4.8,"3 branches, moss"
4072017,ME057,JRF,UD,ALIVE,1,LB,28,6.1,"3 branches, moss"
4072017,ME058,JRF,UD,ALIVE,1,LB,50,6,moss
4072017,ME059,JRF,UD,ALIVE,1,LB,10,2.1,moss
4072017,ME060,JRF,UD,ALIVE,1,LB,43,7.6,"3 branches, moss"
4232017,ME037,JRF,UD,ALIVE,1,BB,3,0.7,moss
4232017,ME038,JRF,UD,ALIVE,0,BB,0,0,
4232017,ME039,JRF,UD,ALIVE,1,BB,11,2.4,moss
4232017,ME040,JRF,UD,ALIVE,1,BB,45,3.2,moss/three branches
4232017,ME041,JRF,UD,ALIVE,1,BB,66,9.7,moss/five branches
4232017,ME042,JRF,UD,ALIVE,1,BB,31,5.2,moss/two branches
4232017,ME043,JRF,UD,ALIVE,1,BB,3,1,moss
4232017,ME044,JRF,UD,ALIVE,1,BB,72,6.2,moss/ six branches
4232017,ME045,JRF,UD,ALIVE,0,BB,0,0,moss
4232017,ME046,JRF,UD,ALIVE,0,BB,0,0,moss/no plant
4232017,ME047,JRF,UD,ALIVE,1,BB,82,10,moss/ four branches
4232017,ME048,JRF,UD,ALIVE,0,BB,0,0,
4232017,ME049,JRF,UD,ALIVE,1,LB,8,1.8,moss
4232017,ME050,JRF,UD,ALIVE,1,LB,60,6.8,four branches
4232017,ME051,JRF,UD,ALIVE,0,LB,0,0,moss/no plant
4232017,ME052,JRF,UD,ALIVE,1,LB,8,1.5,moss
4232017,ME053,JRF,UD,ALIVE,1,LB,24,5,three branches
4232017,ME054,JRF,UD,ALIVE,1,LB,3,0.4,moss
4232017,ME055,JRF,UD,ALIVE,1,LB,3,0.5,moss
4232017,ME056,JRF,UD,ALIVE,1,LB,27,4.7,moss/three branches
4232017,ME057,JRF,UD,ALIVE,1,LB,37,6,moss
4232017,ME058,JRF,UD,ALIVE,1,LB,51,6,moss/ three branches
4232017,ME059,JRF,UD,ALIVE,1,LB,15,5.5,moss
4232017,ME060,JRF,UD,ALIVE,1,LB,51,7.7,moss/four branches
5072017,ME037,JRF,UD,ALIVE,1,BB,57,7.5,eight branches/moss
5072017,ME038,JRF,UD,ALIVE,1,BB,3,0.7,moss
5072017,ME039,JRF,UD,ALIVE,0,BB,0,0,no plant/moss
5072017,ME040,JRF,UD,ALIVE,1,BB,39,4.4,three branches/moss
5072017,ME041,JRF,UD,ALIVE,1,BB,55,5.5,five branches/moss
5072017,ME042,JRF,UD,ALIVE,1,BB,35,5.2,two branches/ moss
5072017,ME043,JRF,UD,ALIVE,1,BB,53,3.3,four branches/moss
5072017,ME044,JRF,UD,ALIVE,1,BB,75,7.3,five branches/moss
5072017,ME045,JRF,UD,ALIVE,0,BB,0,0,no plant/moss
5072017,ME046,JRF,UD,ALIVE,0,BB,0,0,no plant/moss
5072017,ME047,JRF,UD,ALIVE,1,BB,86,10,four branches/moss
5072017,ME048,JRF,UD,ALIVE,0,LB,0,0,no plant/moss
5072017,ME049,JRF,UD,ALIVE,1,LB,44,7,four branches/moss
5072017,ME050,JRF,UD,ALIVE,1,LB,14,1.9,two branches/ moss
5072017,ME051,JRF,UD,ALIVE,1,LB,47,3.8,six branches/moss
5072017,ME052,JRF,UD,ALIVE,1,LB,10,1.7,five branches/moss
5072017,ME053,JRF,UD,ALIVE,1,LB,34,4.2,five branches
5072017,ME054,JRF,UD,ALIVE,1,LB,8,1.6,moss
5072017,ME055,JRF,UD,ALIVE,1,LB,32,5.1,five branches/moss
5072017,ME056,JRF,UD,ALIVE,1,LB,31,4.9,five branches/ moss
5072017,ME057,JRF,UD,ALIVE,1,LB,40,6.1,three branches/moss
5072017,ME058,JRF,UD,ALIVE,1,LB,57,5.5,six branches/moss
5072017,ME059,JRF,UD,ALIVE,1,LB,23,3.3,three branches/moss
10272017,ME037,JTH,UD,ALIVE,1,BB,6,7.5,"9 br., small & scraggly, moss"
10272017,ME038,JTH,UD,ALIVE,0,BB,0,0,"1/2 moss, 1/2 dirt"
10272017,ME039,JTH,UD,ALIVE,0,BB,0,0,"moss, sporophytes"
10272017,ME040,JTH,UD,ALIVE,1,BB,13,7.4,4 br. moss
10272017,ME041,JTH,UD,ALIVE,1,BB,13,7.2,"8 br., moss"
10272017,ME042,JTH,UD,ALIVE,1,BB,32,9,"3 br., moss"
10272017,ME043,JTH,UD,ALIVE,1,BB,17,12.5,"5 br., thin moss"
10272017,ME044,JTH,UD,ALIVE,1,BB,36,11.2,"6 br., thin moss"
10272017,ME045,JTH,UD,ALIVE,0,BB,0,0,"weird clumpy soil, no moss"
10272017,ME046,JTH,UD,ALIVE,0,BB,0,0,moss
10272017,ME047,JTH,UD,ALIVE,1,BB,24,9.4,"6 br., very little moss"
10272017,ME048,JTH,UD,ALIVE,0,BB,0,0,mostly dirt
10272017,ME049,JTH,UD,ALIVE,1,LB,12,6,"7 br., moss"
10272017,ME050,JTH,UD,ALIVE,1,LB,13,3,"3 br., moss"
10272017,ME051,JTH,UD,ALIVE,1,LB,10,4.2,"9 br., moss"
10272017,ME052,JTH,UD,ALIVE,1,LB,11,6,"3 br., thin moss"
10272017,ME053,JTH,UD,ALIVE,1,LB,10,3.4,"8-9 br., no moss"
10272017,ME054,JTH,UD,ALIVE,1,LB,10,2.7,"2 br., moss"
10272017,ME055,JTH,UD,ALIVE,1,LB,14,6.3,very little moss
10272017,ME056,JTH,UD,ALIVE,1,LB,10,3.6,"8 br., thick moss"
10272017,ME057,JTH,UD,ALIVE,1,LB,12,5.3,"6 br., thick moss"
10272017,ME058,JTH,UD,ALIVE,1,LB,12,7,"12 br., some moss"
10272017,ME059,JTH,UD,ALIVE,1,LB,14,4.1,"6 br., moss, sporophytes"
10272017,ME060,JTH,UD,ALIVE,1,LB,20,7.1,"9 br., thin moss"
11182016,ME038,MME,UD,ALIVE,1,BB,0,0.1,
11182016,ME039,MME,UD,ALIVE,0,BB,0,0,
11182016,ME040,MME,UD,ALIVE,1,BB,2,0.8,
11182016,ME041,MME,UD,ALIVE,1,BB,2,1.1,
11182016,ME042,MME,UD,ALIVE,1,BB,2,1.2,
11182016,ME043,MME,UD,ALIVE,1,BB,2,1.1,
11182016,ME044,MME,UD,ALIVE,1,BB,2,1.4,
11182016,ME045,MME,UD,ALIVE,0,BB,0,0,no germination
11182016,ME046,MME,UD,ALIVE,1,BB,0,0.7,
11182016,ME047,MME,UD,ALIVE,1,BB,1,3,moss
11182016,ME048,MME,UD,ALIVE,1,BB,0,0.1,
11182016,ME049,MME,UD,ALIVE,1,BB,0,0.1,
11182016,ME050,MME,UD,ALIVE,1,BB,0,0.4,
11182016,ME051,MME,UD,ALIVE,1,LB,0,0.2,
11182016,ME052,MME,UD,ALIVE,1,LB,0,0.1,germinated
11182016,ME053,MME,UD,ALIVE,1,LB,0,0.2,
11182016,ME054,MME,UD,ALIVE,0,LB,0,0,no germination
11182016,ME055,MME,UD,ALIVE,1,LB,0,0.1,germinated
11182016,ME056,MME,UD,ALIVE,1,LB,0,0.1,germinated
11182016,ME057,MME,UD,ALIVE,1,LB,0,0.4,
11182016,ME058,MME,UD,ALIVE,1,LB,0,0.7,
11182016,ME059,MME,UD,ALIVE,1,LB,2,0.6,
11182016,ME060,MME,UD,ALIVE,0,LB,0,0,no germination
11182016,ME061,MME,UD,ALIVE,0,LB,0,0,no germiantion
11182016,ME062,MME,UD,ALIVE,1,LB,0,0.8,
11252016,ME037,MME,UD,ALIVE,1,BB,3,1.9,weeded
11252016,ME038,MME,UD,ALIVE,0,BB,0,0,weeded
11252016,ME039,MME,UD,ALIVE,0,BB,0,0,
11252016,ME040,MME,UD,ALIVE,1,BB,3,1.5,
11252016,ME041,MME,UD,ALIVE,1,BB,4,1.5,
11252016,ME042,MME,UD,ALIVE,1,BB,3,2.1,challenging to measure
11252016,ME043,MME,UD,ALIVE,1,BB,3,1.3,
11252016,ME044,MME,UD,ALIVE,1,BB,3,2.2,
11252016,ME045,MME,UD,ALIVE,0,BB,0,0,no germination
11252016,ME046,MME,UD,ALIVE,1,BB,2,0.5,died; new measurement
11252016,ME047,MME,UD,ALIVE,1,BB,4,1.6,
11252016,ME048,MME,UD,ALIVE,1,BB,2,1.1,weeded
11252016,ME049,MME,UD,ALIVE,1,LB,0,0.4,weeded
11252016,ME050,MME,UD,ALIVE,1,LB,2,1,weeded
11252016,ME051,MME,UD,ALIVE,1,LB,2,0.6,weeded
11252016,ME052,MME,UD,ALIVE,1,LB,2,1.1,weeded
11252016,ME053,MME,UD,ALIVE,1,LB,2,0.6,weeded
11252016,ME054,MME,UD,ALIVE,0,LB,0,0,
11252016,ME055,MME,UD,ALIVE,1,LB,2,1,weeded
11252016,ME056,MME,UD,ALIVE,1,LB,2,0.9,weeded
11252016,ME057,MME,UD,ALIVE,1,LB,2,0.6,weeded
11252016,ME058,MME,UD,ALIVE,1,LB,2,1.4,"weeded, green bug"
11252016,ME059,MME,UD,ALIVE,1,LB,2,1.4,"weeded, disturbed"
11252016,ME060,MME,UD,ALIVE,1,LB,0,0.6,germinated
12022016,ME037,ALK,UD,ALIVE,1,BB,4,2,
12022016,ME038,ALK,UD,ALIVE,1,BB,2,0.7,
12022016,ME039,ALK,UD,ALIVE,0,BB,0,0,nothing present
12022016,ME040,ALK,UD,ALIVE,1,BB,4,1.5,plucked
12022016,ME041,ALK,UD,ALIVE,1,BB,5,1.6,
12022016,ME042,ALK,UD,ALIVE,1,BB,4,2,on side
12022016,ME043,ALK,UD,ALIVE,1,BB,4,1.3,
12022016,ME044,ALK,UD,ALIVE,1,BB,4,1.5,"1 plucked, sideways"
12022016,ME045,ALK,UD,ALIVE,0,BB,0,0,nothing present
12022016,ME046,ALK,UD,ALIVE,0,BB,0,0,nothing present
12022016,ME047,ALK,UD,ALIVE,1,BB,4,1,sideways
12022016,ME048,ALK,UD,ALIVE,1,BB,0,0.7,shriveled leaves
12022016,ME049,ALK,UD,ALIVE,0,LB,0,0,"curled, almost unmeasurable"
12022016,ME050,ALK,UD,ALIVE,1,LB,2,0.7,invading moss
12022016,ME051,ALK,UD,ALIVE,1,LB,2,0.8,plucked
12022016,ME052,ALK,UD,ALIVE,1,LB,2,0.9,"on side, plucked"
12022016,ME053,ALK,UD,ALIVE,1,LB,2,0.9,plucked
12022016,ME054,ALK,UD,ALIVE,1,LB,1,0.5,"invading moss, shriveled leaf"
12022016,ME055,ALK,UD,ALIVE,1,LB,2,0.7,
12022016,ME056,ALK,UD,ALIVE,1,LB,2,0.5,on side
12022016,ME057,ALK,UD,ALIVE,1,LB,2,0.9,sideways
12022016,ME058,ALK,UD,ALIVE,1,LB,2,0.9,"3 plucked, growing sideways"
12022016,ME059,ALK,UD,ALIVE,1,LB,4,1.2,plucked
12022016,ME060,ALK,UD,ALIVE,1,LB,2,0.7,plucked
12092016,ME037,ALK,UD,ALIVE,1,BB,6,2.4,moss
12092016,ME038,ALK,UD,ALIVE,1,BB,3,0.8,moss
12092016,ME039,ALK,UD,ALIVE,0,BB,0,0,moss/no germ.
12092016,ME040,ALK,UD,ALIVE,1,BB,4,1.5,
12092016,ME041,ALK,UD,ALIVE,1,BB,5,2.1,
12092016,ME042,ALK,UD,ALIVE,1,BB,5,1.6,moss
12092016,ME043,ALK,UD,ALIVE,1,BB,4,1.1,
12092016,ME044,ALK,UD,ALIVE,1,BB,4,1.5,
12092016,ME045,ALK,UD,ALIVE,0,BB,0,0,no germination
12092016,ME046,ALK,UD,ALIVE,0,BB,0,0,
12092016,ME047,ALK,UD,ALIVE,1,BB,5,1.3,
12092016,ME048,ALK,UD,ALIVE,0,BB,0,0,moss/no germ.
12092016,ME049,ALK,UD,ALIVE,1,LB,2,0.4,moss
12092016,ME050,ALK,UD,ALIVE,1,LB,2,0.7,moss
12092016,ME051,ALK,UD,ALIVE,1,LB,2,0.6,plucked
12092016,ME052,ALK,UD,ALIVE,1,LB,2,1,collapsed
12092016,ME053,ALK,UD,ALIVE,1,LB,3,0.7,plucked
12092016,ME054,ALK,UD,ALIVE,1,LB,2,0.7,moss/side
12092016,ME055,ALK,UD,ALIVE,1,LB,2,0.7,"invader (removed), plucked"
12092016,ME056,ALK,UD,ALIVE,1,LB,2,0.7,plucked/collapsed
12092016,ME057,ALK,UD,ALIVE,1,LB,3,0.5,moss
12092016,ME058,ALK,UD,ALIVE,1,LB,4,1.3,
12092016,ME059,ALK,UD,ALIVE,1,LB,2,0.9,plucked/bent
12092016,ME060,ALK,UD,ALIVE,1,LB,2,0.5,
12162016,ME037,ALK,UD,ALIVE,1,BB,8,3.7,
12162016,ME038,ALK,UD,ALIVE,1,BB,3,0.7,
12162016,ME039,ALK,UD,ALIVE,0,BB,0,0,no germ
12162016,ME040,ALK,UD,ALIVE,1,BB,5,1.7,
12162016,ME041,ALK,UD,ALIVE,1,BB,7,2.2,
12162016,ME042,ALK,UD,ALIVE,1,BB,8,2.5,Moss
12162016,ME043,ALK,UD,ALIVE,1,BB,6,1.5,
12162016,ME044,ALK,UD,ALIVE,1,BB,5,1.7,
12162016,ME045,ALK,UD,ALIVE,0,BB,0,0,nothing present
12162016,ME046,ALK,UD,ALIVE,0,BB,0,0,Dead?
12162016,ME047,ALK,UD,ALIVE,1,BB,7,1.5,
12162016,ME048,ALK,UD,ALIVE,0,BB,0,0,no germ
12162016,ME049,ALK,UD,ALIVE,1,LB,2,0.4,
12162016,ME050,ALK,UD,ALIVE,1,LB,4,1.3,moss
12162016,ME051,ALK,UD,ALIVE,1,LB,4,1.1,plucked
12162016,ME052,ALK,UD,ALIVE,1,LB,2,0.5,
12162016,ME053,ALK,UD,ALIVE,1,LB,3,1.1,
12162016,ME054,ALK,UD,ALIVE,1,LB,2,0.4,moss-collapsed
12162016,ME055,ALK,UD,ALIVE,1,LB,3,0.8,
12162016,ME056,ALK,UD,ALIVE,1,LB,4,0.9,moss
12162016,ME057,ALK,UD,ALIVE,1,LB,4,0.8,
12162016,ME058,ALK,UD,ALIVE,1,LB,5,1.6,
12162016,ME059,ALK,UD,ALIVE,1,LB,4,0.8,moss
12162016,ME060,ALK,UD,ALIVE,1,LB,4,0.7,
12302016,ME039,PPK,UD,ALIVE,0,BB,0,0,
12302016,ME040,PPK,UD,ALIVE,1,BB,8,1.7,pos moss
12302016,ME041,PPK,UD,ALIVE,1,BB,8,1.9,pos moss
12302016,ME042,PPK,UD,ALIVE,1,BB,2.5,8,moss
12302016,ME043,PPK,UD,ALIVE,1,BB,7,1.4,pos moss
12302016,ME044,PPK,UD,ALIVE,1,BB,6,2.2,pos moss
12302016,ME045,PPK,UD,ALIVE,0,BB,0,0,
12302016,ME046,PPK,UD,ALIVE,0,BB,0,0,
12302016,ME047,PPK,UD,ALIVE,1,BB,7,1.4,neg moss
12302016,ME048,PPK,UD,ALIVE,0,BB,0,0,
12302016,ME049,PPK,UD,ALIVE,1,BB,4,1,neg moss
12302016,ME050,PPK,UD,ALIVE,1,BB,4,1.3,pos moss
12302016,ME051,PPK,UD,ALIVE,1,BB,5,1.6,"invader pluked, pos moss"
12302016,ME052,PPK,UD,ALIVE,1,LB,4,0.5,pos moss
12302016,ME053,PPK,UD,ALIVE,1,LB,5,0.9,neg moss
12302016,ME054,PPK,UD,ALIVE,1,LB,2,0.5,"might die, pos moss"
12302016,ME055,PPK,UD,ALIVE,1,LB,4,1,neg moss
12302016,ME056,PPK,UD,ALIVE,1,LB,5,1.3,pos moss
12302016,ME057,PPK,UD,ALIVE,1,LB,5,1.3,pos moss
12302016,ME058,PPK,UD,ALIVE,1,LB,5,2.5,pos moss
12302016,ME059,PPK,UD,ALIVE,1,LB,4,0.8,
12302016,ME060,PPK,UD,ALIVE,1,LB,5,1.8,dead moss?
12302016,ME061,PPK,UD,ALIVE,1,LB,2,0.4,neg moss
12302016,ME062,PPK,UD,ALIVE,1,LB,4,0.7,pos moss
12302016,ME063,PPK,UD,ALIVE,1,LB,7,1.9,"2Y, 1R,4N"
120817,ME037,JTH,UD,ALIVE,1,BB,74,8.1,"9 small br., leaves falling off, moss"
120817,ME038,JTH,UD,ALIVE,1,BB,3,0.4,"gravely soil, probably dead"
120817,ME039,JTH,UD,ALIVE,0,BB,0,0,"no plant, spores"
120817,ME040,JTH,UD,ALIVE,1,BB,45,7.8,"4 br., leaves falling off, thick moss"
120817,ME041,JTH,UD,ALIVE,1,BB,70,7.2,"9 small br., leaves falling off, thin moss"
120817,ME042,JTH,UD,ALIVE,1,BB,47,9,"2 br., losing leaves"
120817,ME043,JTH,UD,ALIVE,1,BB,62,12.2,"5 br., thin, blackish moss"
120817,ME044,JTH,UD,ALIVE,1,BB,100,11,6 br. Spider inhabitant!
120817,ME045,JTH,UD,ALIVE,0,BB,0,0,"no plant, black gravely dirt/moss"
120817,ME046,JTH,UD,ALIVE,0,BB,0,0,"no plant, thick moss"
120817,ME047,JTH,UD,ALIVE,1,BB,140,9.5,"6 br., some black moss, mostly dirt"
120817,ME048,JTH,UD,ALIVE,0,LB,0,0,"no plant, gravely soil"
120817,ME049,JTH,UD,ALIVE,1,LB,90,6.7,8 br.
120817,ME050,JTH,UD,ALIVE,1,LB,42,2.8,5 small br.
120817,ME051,JTH,UD,ALIVE,1,LB,74,4.1,12 br. moss
120817,ME052,JTH,UD,ALIVE,1,LB,47,6.3,"3 br., (7 other sprouts, though. Their leaves were not counted), thin moss"
120817,ME053,JTH,UD,ALIVE,1,LB,77,3.7,"10 small br., no moss"
120817,ME054,JTH,UD,ALIVE,1,LB,17,2.7,1 branch (3-4 seperate sprouts)
120817,ME055,JTH,UD,ALIVE,1,LB,82,5.5,"14 br., 1/2 moss 1/2 dirt"
120817,ME056,JTH,UD,ALIVE,1,LB,57,4.2,"9 br., thick, sporing moss"
120817,ME057,JTH,UD,ALIVE,1,LB,67,6,"6 br., moss sporophytes"
120817,ME058,JTH,UD,ALIVE,1,LB,135,9.7,14 br.
120817,ME059,JTH,UD,ALIVE,1,LB,70,6.1,"6 br., spores, moss"
120817,ME060,JTH,UD,ALIVE,1,LB,101,7.6,"11 br., thin moss"
1162018,ME037,JTH,UD,ALIVE,1,BB,67,NA,
1162018,ME038,JTH,UD,ALIVE,0,BB,0,NA,no plnt
1162018,ME039,JTH,UD,ALIVE,0,BB,0,NA,no plnt
1162018,ME040,JTH,UD,ALIVE,1,BB,39,NA,
1162018,ME041,JTH,UD,ALIVE,1,BB,63,NA,
1162018,ME042,JTH,UD,ALIVE,1,BB,41,NA,
1162018,ME043,JTH,UD,ALIVE,1,BB,43,NA,
1162018,ME044,JTH,UD,ALIVE,1,BB,107,NA,
1162018,ME045,JTH,UD,ALIVE,0,BB,0,NA,no plnt
1162018,ME046,JTH,UD,ALIVE,0,BB,0,NA,no plnt
1162018,ME047,JTH,UD,ALIVE,1,BB,113,NA,
1162018,ME048,JTH,UD,ALIVE,0,BB,0,NA,no plnt
1162018,ME049,JTH,UD,ALIVE,1,LB,104,NA,
1162018,ME050,JTH,UD,ALIVE,1,LB,55,NA,
1162018,ME051,JTH,UD,ALIVE,1,LB,76,NA,
1162018,ME052,JTH,UD,ALIVE,1,LB,38,NA,
1162018,ME053,JTH,UD,ALIVE,1,LB,81,NA,
1162018,ME054,JTH,UD,ALIVE,1,LB,18,NA,
1162018,ME055,JTH,UD,ALIVE,1,LB,80,NA,
1162018,ME056,JTH,UD,ALIVE,1,LB,68,NA,
1162018,ME057,JTH,UD,ALIVE,1,LB,78,NA,
1162018,ME058,JTH,UD,ALIVE,1,LB,153,NA,
1162018,ME059,JTH,UD,ALIVE,1,LB,72,NA,
1162018,ME060,JTH,UD,ALIVE,1,LB,105,NA,
